Sun Jun 24 23:41:29 +0000 2018,Very sorry to see the end of #Timeless on @nbc. It‚Äôs a wonderful show with a stellar cast and crew that deserved to‚Ä¶ https://t.co/JhPyfzf8LS,662
Sun Jun 24 23:39:16 +0000 2018,Very sorry to see the end of #Timeless on @nbc. It‚Äôs a wonderful show with a stellar cast and crew that deserved to‚Ä¶ https://t.co/JhPyfzf8LS,662
Sun Jun 24 23:38:32 +0000 2018,The #FreqFestSF3 lineup is out! I‚Äôm doing viz as alongside a ton of stellar artists for TWO NIGHTS of BEASTLY chipm‚Ä¶ https://t.co/TP7F74OyVH,1
Sun Jun 24 23:18:30 +0000 2018,Very sorry to see the end of #Timeless on @nbc. It‚Äôs a wonderful show with a stellar cast and crew that deserved to‚Ä¶ https://t.co/JhPyfzf8LS,662
Sun Jun 24 23:16:56 +0000 2018,Welp  Nipsey Hustle slaps someone before the #BETAwards even started. https://t.co/WhW3gkRzR3,1742
Sun Jun 24 23:07:58 +0000 2018,What a year for Marvel! Absolutely loved #AntManAndTheWasp. Stellar ensemble and the humor is spot on. (Laughed mys‚Ä¶ https://t.co/3GQvlUrhnh,472
Sun Jun 24 22:58:29 +0000 2018,Very sorry to see the end of #Timeless on @nbc. It‚Äôs a wonderful show with a stellar cast and crew that deserved to‚Ä¶ https://t.co/JhPyfzf8LS,662
Sun Jun 24 22:46:39 +0000 2018,What a year for Marvel! Absolutely loved #AntManAndTheWasp. Stellar ensemble and the humor is spot on. (Laughed mys‚Ä¶ https://t.co/3GQvlUrhnh,472
Sun Jun 24 22:43:35 +0000 2018,Very sorry to see the end of #Timeless on @nbc. It‚Äôs a wonderful show with a stellar cast and crew that deserved to‚Ä¶ https://t.co/JhPyfzf8LS,662
Sun Jun 24 22:42:59 +0000 2018,@SenGillibrand I've been following your stellar work  especially for MST survivors for years now. I mention you in‚Ä¶ https://t.co/mJt8RzVmor,0
Sun Jun 24 22:35:13 +0000 2018,Very sorry to see the end of #Timeless on @nbc. It‚Äôs a wonderful show with a stellar cast and crew that deserved to‚Ä¶ https://t.co/JhPyfzf8LS,662
Sun Jun 24 22:34:41 +0000 2018,Very sorry to see the end of #Timeless on @nbc. It‚Äôs a wonderful show with a stellar cast and crew that deserved to‚Ä¶ https://t.co/JhPyfzf8LS,662
Sun Jun 24 22:33:48 +0000 2018,The #FreqFestSF3 lineup is out! I‚Äôm doing viz as alongside a ton of stellar artists for TWO NIGHTS of BEASTLY chipm‚Ä¶ https://t.co/TP7F74OyVH,1
Sun Jun 24 22:32:01 +0000 2018,The entire #FreqFestSF3 lineup is out! I‚Äôm doing viz as @NeonDeathCat alongside a ton of stellar artists for TWO NI‚Ä¶ https://t.co/pzX35izBvA,1
Sun Jun 24 22:30:48 +0000 2018,Noia is an illustrator from Brazil https://t.co/PvunUzpa0y,286
Sun Jun 24 22:27:14 +0000 2018,Atmospheric Photography by Martin Vlach https://t.co/gWjaAHD0n0,484
Sun Jun 24 22:26:19 +0000 2018,@DonaldJTrumpJr @kimguilfoyle Of course Trump gets stellar @FoxNews coverage  Don Jr. is banging their main anchor.‚Ä¶ https://t.co/eTUYwRFsjE,0
Sun Jun 24 22:23:54 +0000 2018,The entire #FreqFestSF3 lineup is out! I‚Äôm doing viz as @NeonDeathCat alongside a ton of stellar artists for TWO NI‚Ä¶ https://t.co/pzX35izBvA,1
Sun Jun 24 22:17:45 +0000 2018,Very sorry to see the end of #Timeless on @nbc. It‚Äôs a wonderful show with a stellar cast and crew that deserved to‚Ä¶ https://t.co/JhPyfzf8LS,662
Sun Jun 24 22:15:35 +0000 2018,@JonHeyman LAD front office‚Äôs record of moves is pretty stellar since Friedman took over. But the acquisition of Lo‚Ä¶ https://t.co/xGW6nf3LuW,0
Sun Jun 24 22:08:00 +0000 2018,Very sorry to see the end of #Timeless on @nbc. It‚Äôs a wonderful show with a stellar cast and crew that deserved to‚Ä¶ https://t.co/JhPyfzf8LS,662
Sun Jun 24 22:07:21 +0000 2018,Very sorry to see the end of #Timeless on @nbc. It‚Äôs a wonderful show with a stellar cast and crew that deserved to‚Ä¶ https://t.co/JhPyfzf8LS,662
Sun Jun 24 22:04:06 +0000 2018,Very sorry to see the end of #Timeless on @nbc. It‚Äôs a wonderful show with a stellar cast and crew that deserved to‚Ä¶ https://t.co/JhPyfzf8LS,662
Sun Jun 24 22:03:31 +0000 2018,@jacobsoboroff @DatelineNBC @nbc It‚Äôs on at 7 in LA too. At least it is on DirecTV. You‚Äôre amazing. Stellar reporting. Don‚Äôt ever stop.,0
Sun Jun 24 21:42:51 +0000 2018,Very sorry to see the end of #Timeless on @nbc. It‚Äôs a wonderful show with a stellar cast and crew that deserved to‚Ä¶ https://t.co/JhPyfzf8LS,662
Sun Jun 24 21:40:32 +0000 2018,Very sorry to see the end of #Timeless on @nbc. It‚Äôs a wonderful show with a stellar cast and crew that deserved to‚Ä¶ https://t.co/JhPyfzf8LS,662
Sun Jun 24 21:32:38 +0000 2018,@Kiyimoii We're sorry your day has been less than stellar! While we don't have the rights to a Sailor Moon S dub at‚Ä¶ https://t.co/CrsHHjzoPN,0
Sun Jun 24 21:19:04 +0000 2018,Very sorry to see the end of #Timeless on @nbc. It‚Äôs a wonderful show with a stellar cast and crew that deserved to‚Ä¶ https://t.co/JhPyfzf8LS,662
Sun Jun 24 21:18:05 +0000 2018,Stellar Buchholz leads D-backs  but exits early https://t.co/HMEi86FrNM https://t.co/XzKWRsCh3w,0
Sun Jun 24 21:04:37 +0000 2018,Very sorry to see the end of #Timeless on @nbc. It‚Äôs a wonderful show with a stellar cast and crew that deserved to‚Ä¶ https://t.co/JhPyfzf8LS,662
Sun Jun 24 21:03:15 +0000 2018,Very sorry to see the end of #Timeless on @nbc. It‚Äôs a wonderful show with a stellar cast and crew that deserved to‚Ä¶ https://t.co/JhPyfzf8LS,662
Sun Jun 24 20:58:16 +0000 2018,Such an awesome campaign and I'm fully on board. Let's bring back this awesomely talented and all-around stellar gu‚Ä¶ https://t.co/8ykE5RKOze,18
Sun Jun 24 20:53:08 +0000 2018,@andielep @johnjtague @claireheart @SohoHouse @cw_charmed Oh fantastic thxxx. We're all very excited to be jumping‚Ä¶ https://t.co/Apzz6l8ANv,1
Sun Jun 24 20:51:00 +0000 2018,Very sorry to see the end of #Timeless on @nbc. It‚Äôs a wonderful show with a stellar cast and crew that deserved to‚Ä¶ https://t.co/JhPyfzf8LS,662
Sun Jun 24 20:50:55 +0000 2018,Very sorry to see the end of #Timeless on @nbc. It‚Äôs a wonderful show with a stellar cast and crew that deserved to‚Ä¶ https://t.co/JhPyfzf8LS,662
Sun Jun 24 20:40:20 +0000 2018,Very sorry to see the end of #Timeless on @nbc. It‚Äôs a wonderful show with a stellar cast and crew that deserved to‚Ä¶ https://t.co/JhPyfzf8LS,662
Sun Jun 24 20:38:48 +0000 2018,Very sorry to see the end of #Timeless on @nbc. It‚Äôs a wonderful show with a stellar cast and crew that deserved to‚Ä¶ https://t.co/JhPyfzf8LS,662
Sun Jun 24 20:09:06 +0000 2018,#HAPPYPRIDE #NYC! Hope it's stellar! ü§©üåàüíúüíôüíöüíõüß°‚ù§Ô∏è #ally #loveislove https://t.co/3B73alo1b7,1
Sun Jun 24 20:06:53 +0000 2018,Very sorry to see the end of #Timeless on @nbc. It‚Äôs a wonderful show with a stellar cast and crew that deserved to‚Ä¶ https://t.co/JhPyfzf8LS,662
Sun Jun 24 19:53:45 +0000 2018,Very sorry to see the end of #Timeless on @nbc. It‚Äôs a wonderful show with a stellar cast and crew that deserved to‚Ä¶ https://t.co/JhPyfzf8LS,662
Sun Jun 24 19:53:10 +0000 2018,Very sorry to see the end of #Timeless on @nbc. It‚Äôs a wonderful show with a stellar cast and crew that deserved to‚Ä¶ https://t.co/JhPyfzf8LS,662
Sun Jun 24 19:48:02 +0000 2018,Very sorry to see the end of #Timeless on @nbc. It‚Äôs a wonderful show with a stellar cast and crew that deserved to‚Ä¶ https://t.co/JhPyfzf8LS,662
Sun Jun 24 19:40:04 +0000 2018,#HAPPYPRIDE #NYC! Hope it's stellar! ü§©üåàüíúüíôüíöüíõüß°‚ù§Ô∏è #ally #loveislove https://t.co/3B73alo1b7,1
Sun Jun 24 19:24:08 +0000 2018,Such an awesome campaign and I'm fully on board. Let's bring back this awesomely talented and all-around stellar gu‚Ä¶ https://t.co/8ykE5RKOze,18
Sun Jun 24 19:22:22 +0000 2018,Very sorry to see the end of #Timeless on @nbc. It‚Äôs a wonderful show with a stellar cast and crew that deserved to‚Ä¶ https://t.co/JhPyfzf8LS,662
Sun Jun 24 19:21:26 +0000 2018,Very sorry to see the end of #Timeless on @nbc. It‚Äôs a wonderful show with a stellar cast and crew that deserved to‚Ä¶ https://t.co/JhPyfzf8LS,662
Sun Jun 24 19:15:25 +0000 2018,Very sorry to see the end of #Timeless on @nbc. It‚Äôs a wonderful show with a stellar cast and crew that deserved to‚Ä¶ https://t.co/JhPyfzf8LS,662
Sun Jun 24 19:13:40 +0000 2018,Very sorry to see the end of #Timeless on @nbc. It‚Äôs a wonderful show with a stellar cast and crew that deserved to‚Ä¶ https://t.co/JhPyfzf8LS,662
Sun Jun 24 18:50:03 +0000 2018,Very sorry to see the end of #Timeless on @nbc. It‚Äôs a wonderful show with a stellar cast and crew that deserved to‚Ä¶ https://t.co/JhPyfzf8LS,662
Sun Jun 24 18:45:25 +0000 2018,Very sorry to see the end of #Timeless on @nbc. It‚Äôs a wonderful show with a stellar cast and crew that deserved to‚Ä¶ https://t.co/JhPyfzf8LS,662
Sun Jun 24 18:40:21 +0000 2018,Such an awesome campaign and I'm fully on board. Let's bring back this awesomely talented and all-around stellar gu‚Ä¶ https://t.co/8ykE5RKOze,18
Sun Jun 24 18:33:54 +0000 2018,Very sorry to see the end of #Timeless on @nbc. It‚Äôs a wonderful show with a stellar cast and crew that deserved to‚Ä¶ https://t.co/JhPyfzf8LS,662
Sun Jun 24 18:19:01 +0000 2018,Such an awesome campaign and I'm fully on board. Let's bring back this awesomely talented and all-around stellar gu‚Ä¶ https://t.co/8ykE5RKOze,18
Sun Jun 24 18:15:46 +0000 2018,Such an awesome campaign and I'm fully on board. Let's bring back this awesomely talented and all-around stellar gu‚Ä¶ https://t.co/8ykE5RKOze,18
Sun Jun 24 18:10:10 +0000 2018,Very sorry to see the end of #Timeless on @nbc. It‚Äôs a wonderful show with a stellar cast and crew that deserved to‚Ä¶ https://t.co/JhPyfzf8LS,662
Sun Jun 24 18:08:36 +0000 2018,Such an awesome campaign and I'm fully on board. Let's bring back this awesomely talented and all-around stellar gu‚Ä¶ https://t.co/8ykE5RKOze,18
Sun Jun 24 18:08:32 +0000 2018,Very sorry to see the end of #Timeless on @nbc. It‚Äôs a wonderful show with a stellar cast and crew that deserved to‚Ä¶ https://t.co/JhPyfzf8LS,662
Sun Jun 24 18:05:42 +0000 2018,Very sorry to see the end of #Timeless on @nbc. It‚Äôs a wonderful show with a stellar cast and crew that deserved to‚Ä¶ https://t.co/JhPyfzf8LS,662
Sun Jun 24 18:00:58 +0000 2018,Such an awesome campaign and I'm fully on board. Let's bring back this awesomely talented and all-around stellar gu‚Ä¶ https://t.co/8ykE5RKOze,18
Sun Jun 24 17:59:19 +0000 2018,Very sorry to see the end of #Timeless on @nbc. It‚Äôs a wonderful show with a stellar cast and crew that deserved to‚Ä¶ https://t.co/JhPyfzf8LS,662
Sun Jun 24 17:58:21 +0000 2018,Very sorry to see the end of #Timeless on @nbc. It‚Äôs a wonderful show with a stellar cast and crew that deserved to‚Ä¶ https://t.co/JhPyfzf8LS,662
Sun Jun 24 17:58:16 +0000 2018,Such an awesome campaign and I'm fully on board. Let's bring back this awesomely talented and all-around stellar gu‚Ä¶ https://t.co/8ykE5RKOze,18
Sun Jun 24 17:57:48 +0000 2018,Such an awesome campaign and I'm fully on board. Let's bring back this awesomely talented and all-around stellar gu‚Ä¶ https://t.co/8ykE5RKOze,18
Sun Jun 24 17:55:16 +0000 2018,Such an awesome campaign and I'm fully on board. Let's bring back this awesomely talented and all-around stellar gu‚Ä¶ https://t.co/8ykE5RKOze,18
Sun Jun 24 17:53:02 +0000 2018,@andielep @johnjtague @claireheart @SohoHouse @cw_charmed Oh fantastic thxxx. We're all very excited to be jumping‚Ä¶ https://t.co/Apzz6l8ANv,1
Sun Jun 24 17:45:03 +0000 2018,Such an awesome campaign and I'm fully on board. Let's bring back this awesomely talented and all-around stellar gu‚Ä¶ https://t.co/8ykE5RKOze,18
Sun Jun 24 17:41:46 +0000 2018,Very sorry to see the end of #Timeless on @nbc. It‚Äôs a wonderful show with a stellar cast and crew that deserved to‚Ä¶ https://t.co/JhPyfzf8LS,662
Sun Jun 24 17:40:39 +0000 2018,#bitcoin #tron #cryptocurrency $ocn #xlm #ltc #Coinbase #nano $hpb $neo $wan $omg #xlm #Stellar #ada #cardano‚Ä¶ https://t.co/SMSOmvxCsS,0
Sun Jun 24 17:39:31 +0000 2018,Such an awesome campaign and I'm fully on board. Let's bring back this awesomely talented and all-around stellar gu‚Ä¶ https://t.co/8ykE5RKOze,18
Sun Jun 24 17:35:46 +0000 2018,What a year for Marvel! Absolutely loved #AntManAndTheWasp. Stellar ensemble and the humor is spot on. (Laughed mys‚Ä¶ https://t.co/3GQvlUrhnh,472
Sun Jun 24 17:30:30 +0000 2018,What a year for Marvel! Absolutely loved #AntManAndTheWasp. Stellar ensemble and the humor is spot on. (Laughed mys‚Ä¶ https://t.co/3GQvlUrhnh,472
Sun Jun 24 17:30:19 +0000 2018,James Corden just gave the world a stellar episode of #CarpoolKaraoke with Paul McCartney and we love it yeah  yeah‚Ä¶ https://t.co/KrhNr4AlNw,157
Sun Jun 24 17:23:59 +0000 2018,What a year for Marvel! Absolutely loved #AntManAndTheWasp. Stellar ensemble and the humor is spot on. (Laughed mys‚Ä¶ https://t.co/3GQvlUrhnh,472
Sun Jun 24 17:16:07 +0000 2018,Very sorry to see the end of #Timeless on @nbc. It‚Äôs a wonderful show with a stellar cast and crew that deserved to‚Ä¶ https://t.co/JhPyfzf8LS,662
Sun Jun 24 17:14:14 +0000 2018,https://t.co/eK8poAfW8T  Stellar is in talks to acquire Chain. Fortune understands the sale price to be $500 millio‚Ä¶ https://t.co/JQuSwrWjMd,1
Sun Jun 24 17:11:51 +0000 2018,What a year for Marvel! Absolutely loved #AntManAndTheWasp. Stellar ensemble and the humor is spot on. (Laughed mys‚Ä¶ https://t.co/3GQvlUrhnh,472
Sun Jun 24 17:06:15 +0000 2018,Nick Szabo Says Bitcoin Price Will Decline More  EOS  Tron  IOTA Technical Analysis https://t.co/NuqVlO494g https://t.co/IjAZqAI5Fw,0
Sun Jun 24 17:04:11 +0000 2018,When your son hung a dog and your daughter is Sarah and yet you are still the worst Huckabee https://t.co/XZEWOAIlQy,7408
Sun Jun 24 16:58:12 +0000 2018,Very sorry to see the end of #Timeless on @nbc. It‚Äôs a wonderful show with a stellar cast and crew that deserved to‚Ä¶ https://t.co/JhPyfzf8LS,662
Sun Jun 24 16:55:41 +0000 2018,Very sorry to see the end of #Timeless on @nbc. It‚Äôs a wonderful show with a stellar cast and crew that deserved to‚Ä¶ https://t.co/JhPyfzf8LS,662
Sun Jun 24 16:54:16 +0000 2018,Very sorry to see the end of #Timeless on @nbc. It‚Äôs a wonderful show with a stellar cast and crew that deserved to‚Ä¶ https://t.co/JhPyfzf8LS,662
Sun Jun 24 16:53:02 +0000 2018,Very sorry to see the end of #Timeless on @nbc. It‚Äôs a wonderful show with a stellar cast and crew that deserved to‚Ä¶ https://t.co/JhPyfzf8LS,662
Sun Jun 24 16:50:46 +0000 2018,https://t.co/eK8poAfW8T  Stellar is in talks to acquire Chain. Fortune understands the sale price to be $500 millio‚Ä¶ https://t.co/JQuSwrWjMd,1
Sun Jun 24 16:49:34 +0000 2018,Very sorry to see the end of #Timeless on @nbc. It‚Äôs a wonderful show with a stellar cast and crew that deserved to‚Ä¶ https://t.co/JhPyfzf8LS,662
Sun Jun 24 16:37:31 +0000 2018,Very sorry to see the end of #Timeless on @nbc. It‚Äôs a wonderful show with a stellar cast and crew that deserved to‚Ä¶ https://t.co/JhPyfzf8LS,662
Sun Jun 24 16:37:16 +0000 2018,Very sorry to see the end of #Timeless on @nbc. It‚Äôs a wonderful show with a stellar cast and crew that deserved to‚Ä¶ https://t.co/JhPyfzf8LS,662
Sun Jun 24 16:34:22 +0000 2018,Very sorry to see the end of #Timeless on @nbc. It‚Äôs a wonderful show with a stellar cast and crew that deserved to‚Ä¶ https://t.co/JhPyfzf8LS,662
Sun Jun 24 16:10:51 +0000 2018,üå¨Ô∏èüí®What's Happening  America?  üëÄA great way 2 keep ur eyes on the prize.üëÄ  @karolcummins is stellar w her‚Ä¶ https://t.co/f6iwVfu8lm,2
Sun Jun 24 16:10:17 +0000 2018,What a year for Marvel! Absolutely loved #AntManAndTheWasp. Stellar ensemble and the humor is spot on. (Laughed mys‚Ä¶ https://t.co/3GQvlUrhnh,472
Sun Jun 24 16:07:50 +0000 2018,Very sorry to see the end of #Timeless on @nbc. It‚Äôs a wonderful show with a stellar cast and crew that deserved to‚Ä¶ https://t.co/JhPyfzf8LS,662
Sun Jun 24 16:02:40 +0000 2018,What a year for Marvel! Absolutely loved #AntManAndTheWasp. Stellar ensemble and the humor is spot on. (Laughed mys‚Ä¶ https://t.co/3GQvlUrhnh,472
Sun Jun 24 15:58:20 +0000 2018,Very sorry to see the end of #Timeless on @nbc. It‚Äôs a wonderful show with a stellar cast and crew that deserved to‚Ä¶ https://t.co/JhPyfzf8LS,662
Sun Jun 24 15:57:56 +0000 2018,What a year for Marvel! Absolutely loved #AntManAndTheWasp. Stellar ensemble and the humor is spot on. (Laughed mys‚Ä¶ https://t.co/3GQvlUrhnh,472
Sun Jun 24 15:57:32 +0000 2018,What a year for Marvel! Absolutely loved #AntManAndTheWasp. Stellar ensemble and the humor is spot on. (Laughed mys‚Ä¶ https://t.co/3GQvlUrhnh,472
Sun Jun 24 15:55:11 +0000 2018,üå¨Ô∏èüí®What's Happening  America?  üëÄA great way 2 keep ur eyes on the prize.üëÄ  @karolcummins is stellar w her‚Ä¶ https://t.co/f6iwVfu8lm,2
Sun Jun 24 15:54:44 +0000 2018,üå¨Ô∏èüí®What's Happening  America?  üëÄA great way 2 keep ur eyes on the prize.üëÄ  @karolcummins is stellar w her‚Ä¶ https://t.co/f6iwVfu8lm,2
Sun Jun 24 15:50:16 +0000 2018,Very sorry to see the end of #Timeless on @nbc. It‚Äôs a wonderful show with a stellar cast and crew that deserved to‚Ä¶ https://t.co/JhPyfzf8LS,662
Sun Jun 24 15:49:14 +0000 2018,"I was on my way to becoming Captain Kangaroo." Love this recollection from Morgan Freeman about the changing tide‚Ä¶ https://t.co/C7OHhdJ1r7,0
Sun Jun 24 15:41:50 +0000 2018,This is why gentrification is a form of violence. This white woman is selling weed and profiting while black folks‚Ä¶ https://t.co/QLIPUlmlXR,51143
Sun Jun 24 15:39:00 +0000 2018,Very sorry to see the end of #Timeless on @nbc. It‚Äôs a wonderful show with a stellar cast and crew that deserved to‚Ä¶ https://t.co/JhPyfzf8LS,662
Sun Jun 24 15:34:11 +0000 2018,@jfmarshall90 @DEADLINE @Stage32 @nationallampoon The new regime is stellar...Excited for the results.,0
Sun Jun 24 15:34:05 +0000 2018,Very sorry to see the end of #Timeless on @nbc. It‚Äôs a wonderful show with a stellar cast and crew that deserved to‚Ä¶ https://t.co/JhPyfzf8LS,662
Sun Jun 24 15:30:00 +0000 2018,Very sorry to see the end of #Timeless on @nbc. It‚Äôs a wonderful show with a stellar cast and crew that deserved to‚Ä¶ https://t.co/JhPyfzf8LS,662
Sun Jun 24 15:23:34 +0000 2018,What a year for Marvel! Absolutely loved #AntManAndTheWasp. Stellar ensemble and the humor is spot on. (Laughed mys‚Ä¶ https://t.co/3GQvlUrhnh,472
Sun Jun 24 15:19:43 +0000 2018,Very sorry to see the end of #Timeless on @nbc. It‚Äôs a wonderful show with a stellar cast and crew that deserved to‚Ä¶ https://t.co/JhPyfzf8LS,662
Sun Jun 24 15:17:59 +0000 2018,Another stellar article/interview from Teen Vogue https://t.co/ivXjSvIu3k,0
Sun Jun 24 15:04:09 +0000 2018,What a year for Marvel! Absolutely loved #AntManAndTheWasp. Stellar ensemble and the humor is spot on. (Laughed mys‚Ä¶ https://t.co/3GQvlUrhnh,472
Sun Jun 24 14:58:56 +0000 2018,Very sorry to see the end of #Timeless on @nbc. It‚Äôs a wonderful show with a stellar cast and crew that deserved to‚Ä¶ https://t.co/JhPyfzf8LS,662
Sun Jun 24 14:58:01 +0000 2018,Very sorry to see the end of #Timeless on @nbc. It‚Äôs a wonderful show with a stellar cast and crew that deserved to‚Ä¶ https://t.co/JhPyfzf8LS,662
Sun Jun 24 14:56:02 +0000 2018,Very sorry to see the end of #Timeless on @nbc. It‚Äôs a wonderful show with a stellar cast and crew that deserved to‚Ä¶ https://t.co/JhPyfzf8LS,662
Sun Jun 24 14:50:24 +0000 2018,Very sorry to see the end of #Timeless on @nbc. It‚Äôs a wonderful show with a stellar cast and crew that deserved to‚Ä¶ https://t.co/JhPyfzf8LS,662
Sun Jun 24 14:44:54 +0000 2018,Very sorry to see the end of #Timeless on @nbc. It‚Äôs a wonderful show with a stellar cast and crew that deserved to‚Ä¶ https://t.co/JhPyfzf8LS,662
Sun Jun 24 14:20:55 +0000 2018,Very sorry to see the end of #Timeless on @nbc. It‚Äôs a wonderful show with a stellar cast and crew that deserved to‚Ä¶ https://t.co/JhPyfzf8LS,662
Sun Jun 24 13:51:12 +0000 2018,Very sorry to see the end of #Timeless on @nbc. It‚Äôs a wonderful show with a stellar cast and crew that deserved to‚Ä¶ https://t.co/JhPyfzf8LS,662
Sun Jun 24 13:46:46 +0000 2018,Score a beautiful goal  do a little dance.   Just a day in the life of Jesse Lingard. üëèüëè https://t.co/1nv998tTr7,1938
Sun Jun 24 13:45:37 +0000 2018,Very sorry to see the end of #Timeless on @nbc. It‚Äôs a wonderful show with a stellar cast and crew that deserved to‚Ä¶ https://t.co/JhPyfzf8LS,662
Sun Jun 24 13:41:13 +0000 2018,Very sorry to see the end of #Timeless on @nbc. It‚Äôs a wonderful show with a stellar cast and crew that deserved to‚Ä¶ https://t.co/JhPyfzf8LS,662
Sun Jun 24 13:10:19 +0000 2018,Very sorry to see the end of #Timeless on @nbc. It‚Äôs a wonderful show with a stellar cast and crew that deserved to‚Ä¶ https://t.co/JhPyfzf8LS,662
Sun Jun 24 13:07:25 +0000 2018,Very sorry to see the end of #Timeless on @nbc. It‚Äôs a wonderful show with a stellar cast and crew that deserved to‚Ä¶ https://t.co/JhPyfzf8LS,662
Sun Jun 24 13:04:27 +0000 2018,Very sorry to see the end of #Timeless on @nbc. It‚Äôs a wonderful show with a stellar cast and crew that deserved to‚Ä¶ https://t.co/JhPyfzf8LS,662
Sun Jun 24 13:02:44 +0000 2018,Very sorry to see the end of #Timeless on @nbc. It‚Äôs a wonderful show with a stellar cast and crew that deserved to‚Ä¶ https://t.co/JhPyfzf8LS,662
Sun Jun 24 13:01:03 +0000 2018,Whatever your feelings may be about her parents.....we have to all agree @ChelseaClinton 's handling of trolls on T‚Ä¶ https://t.co/TRxxuFBvp7,0
Sun Jun 24 12:57:05 +0000 2018,Very sorry to see the end of #Timeless on @nbc. It‚Äôs a wonderful show with a stellar cast and crew that deserved to‚Ä¶ https://t.co/JhPyfzf8LS,662
Sun Jun 24 12:56:18 +0000 2018,Very sorry to see the end of #Timeless on @nbc. It‚Äôs a wonderful show with a stellar cast and crew that deserved to‚Ä¶ https://t.co/JhPyfzf8LS,662
Sun Jun 24 12:55:24 +0000 2018,Very sorry to see the end of #Timeless on @nbc. It‚Äôs a wonderful show with a stellar cast and crew that deserved to‚Ä¶ https://t.co/JhPyfzf8LS,662
Sun Jun 24 12:52:41 +0000 2018,Very sorry to see the end of #Timeless on @nbc. It‚Äôs a wonderful show with a stellar cast and crew that deserved to‚Ä¶ https://t.co/JhPyfzf8LS,662
Sun Jun 24 12:44:52 +0000 2018,Very sorry to see the end of #Timeless on @nbc. It‚Äôs a wonderful show with a stellar cast and crew that deserved to‚Ä¶ https://t.co/JhPyfzf8LS,662
Sun Jun 24 12:43:02 +0000 2018,Very sorry to see the end of #Timeless on @nbc. It‚Äôs a wonderful show with a stellar cast and crew that deserved to‚Ä¶ https://t.co/JhPyfzf8LS,662
Sun Jun 24 12:41:39 +0000 2018,Very sorry to see the end of #Timeless on @nbc. It‚Äôs a wonderful show with a stellar cast and crew that deserved to‚Ä¶ https://t.co/JhPyfzf8LS,662
Sun Jun 24 12:36:14 +0000 2018,Very sorry to see the end of #Timeless on @nbc. It‚Äôs a wonderful show with a stellar cast and crew that deserved to‚Ä¶ https://t.co/JhPyfzf8LS,662
Sun Jun 24 12:29:21 +0000 2018,https://t.co/pWN7ZcUt0V  #FlipNpik #Crypto #Blockchain  #FNP #Stellar  #Bitcoin  #Cryptocurrency  #BTC #XLM‚Ä¶ https://t.co/GDlSStiWWi,0
Sun Jun 24 12:25:54 +0000 2018,What a year for Marvel! Absolutely loved #AntManAndTheWasp. Stellar ensemble and the humor is spot on. (Laughed mys‚Ä¶ https://t.co/3GQvlUrhnh,472
Sun Jun 24 12:25:53 +0000 2018,https://t.co/pWN7ZcUt0V  #FlipNpik #Crypto #Blockchain  #FNP #Stellar  #Bitcoin  #Cryptocurrency  #BTC #XLM‚Ä¶ https://t.co/U8BOy91BsW,0
Sun Jun 24 12:21:42 +0000 2018,https://t.co/pWN7ZcUt0V  #FlipNpik #Crypto #Blockchain  #FNP #Stellar  #Bitcoin  #Cryptocurrency  #BTC #XLM‚Ä¶ https://t.co/SyEsMoAKzq,0
Sun Jun 24 12:17:38 +0000 2018,https://t.co/pWN7ZcUt0V  #FlipNpik #Crypto #Blockchain  #FNP #Stellar  #Bitcoin  #Cryptocurrency  #BTC #XLM‚Ä¶ https://t.co/oEv2pRQpfl,0
Sun Jun 24 12:17:28 +0000 2018,Very sorry to see the end of #Timeless on @nbc. It‚Äôs a wonderful show with a stellar cast and crew that deserved to‚Ä¶ https://t.co/JhPyfzf8LS,662
Sun Jun 24 12:17:27 +0000 2018,Very sorry to see the end of #Timeless on @nbc. It‚Äôs a wonderful show with a stellar cast and crew that deserved to‚Ä¶ https://t.co/JhPyfzf8LS,662
Sun Jun 24 12:16:03 +0000 2018,Very sorry to see the end of #Timeless on @nbc. It‚Äôs a wonderful show with a stellar cast and crew that deserved to‚Ä¶ https://t.co/JhPyfzf8LS,662
Sun Jun 24 12:09:51 +0000 2018,Very sorry to see the end of #Timeless on @nbc. It‚Äôs a wonderful show with a stellar cast and crew that deserved to‚Ä¶ https://t.co/JhPyfzf8LS,662
Sun Jun 24 12:07:11 +0000 2018,Very sorry to see the end of #Timeless on @nbc. It‚Äôs a wonderful show with a stellar cast and crew that deserved to‚Ä¶ https://t.co/JhPyfzf8LS,662
Sun Jun 24 12:04:30 +0000 2018,Very sorry to see the end of #Timeless on @nbc. It‚Äôs a wonderful show with a stellar cast and crew that deserved to‚Ä¶ https://t.co/JhPyfzf8LS,662
Sun Jun 24 12:02:30 +0000 2018,Website: https://t.co/NQfjQbVnWi #FlipNpik #Crypto #Blockchain #FNP  #Stellar #Bitcoin #Cryptocurrency #BTC #XLM‚Ä¶ https://t.co/uvzNV91koC,0
Sun Jun 24 11:59:11 +0000 2018,What a year for Marvel! Absolutely loved #AntManAndTheWasp. Stellar ensemble and the humor is spot on. (Laughed mys‚Ä¶ https://t.co/3GQvlUrhnh,472
Sun Jun 24 11:44:06 +0000 2018,What a year for Marvel! Absolutely loved #AntManAndTheWasp. Stellar ensemble and the humor is spot on. (Laughed mys‚Ä¶ https://t.co/3GQvlUrhnh,472
Sun Jun 24 11:43:42 +0000 2018,Very sorry to see the end of #Timeless on @nbc. It‚Äôs a wonderful show with a stellar cast and crew that deserved to‚Ä¶ https://t.co/JhPyfzf8LS,662
Sun Jun 24 11:42:14 +0000 2018,Very sorry to see the end of #Timeless on @nbc. It‚Äôs a wonderful show with a stellar cast and crew that deserved to‚Ä¶ https://t.co/JhPyfzf8LS,662
Sun Jun 24 11:21:13 +0000 2018,@mpspec @CorbieCrow @jshovlin11 @KamalaHarris Obama and Bush definitely did not have totally stellar records on imm‚Ä¶ https://t.co/AIIxD5ZGyV,1
Sun Jun 24 11:11:14 +0000 2018,Very sorry to see the end of #Timeless on @nbc. It‚Äôs a wonderful show with a stellar cast and crew that deserved to‚Ä¶ https://t.co/JhPyfzf8LS,662
Sun Jun 24 11:09:53 +0000 2018,Actually @GeorgeWill  after 500+ days of stellar results from @POTUS Trump's policies   I'm thrilled I voted for hi‚Ä¶ https://t.co/8PmDYUCkFa,22
Sun Jun 24 11:05:31 +0000 2018,Very sorry to see the end of #Timeless on @nbc. It‚Äôs a wonderful show with a stellar cast and crew that deserved to‚Ä¶ https://t.co/JhPyfzf8LS,662
Sun Jun 24 10:55:03 +0000 2018,Website: https://t.co/NQfjQbVnWi #FlipNpik #Crypto #Blockchain #FNP  #Stellar #Bitcoin #Cryptocurrency #BTC #XLM‚Ä¶ https://t.co/shxaNEnmze,0
Sun Jun 24 10:52:53 +0000 2018,Very sorry to see the end of #Timeless on @nbc. It‚Äôs a wonderful show with a stellar cast and crew that deserved to‚Ä¶ https://t.co/JhPyfzf8LS,662
Sun Jun 24 10:33:48 +0000 2018,Very sorry to see the end of #Timeless on @nbc. It‚Äôs a wonderful show with a stellar cast and crew that deserved to‚Ä¶ https://t.co/JhPyfzf8LS,662
Sun Jun 24 10:26:02 +0000 2018,Very sorry to see the end of #Timeless on @nbc. It‚Äôs a wonderful show with a stellar cast and crew that deserved to‚Ä¶ https://t.co/JhPyfzf8LS,662
Sun Jun 24 10:15:55 +0000 2018,Very sorry to see the end of #Timeless on @nbc. It‚Äôs a wonderful show with a stellar cast and crew that deserved to‚Ä¶ https://t.co/JhPyfzf8LS,662
Sun Jun 24 09:46:57 +0000 2018,This is a great shot of the @cityofboston skyline. #Massachusetts will be one of the 4 states where the #cred_app w‚Ä¶ https://t.co/QeWhxHUekO,14
Sun Jun 24 09:42:02 +0000 2018,What a year for Marvel! Absolutely loved #AntManAndTheWasp. Stellar ensemble and the humor is spot on. (Laughed mys‚Ä¶ https://t.co/3GQvlUrhnh,472
Sun Jun 24 09:41:08 +0000 2018,Very sorry to see the end of #Timeless on @nbc. It‚Äôs a wonderful show with a stellar cast and crew that deserved to‚Ä¶ https://t.co/JhPyfzf8LS,662
Sun Jun 24 09:40:00 +0000 2018,My new boobs are going to be so stellar &amp; reduce my pain/outfit problems. So excited,0
Sun Jun 24 09:22:41 +0000 2018,What a year for Marvel! Absolutely loved #AntManAndTheWasp. Stellar ensemble and the humor is spot on. (Laughed mys‚Ä¶ https://t.co/3GQvlUrhnh,472
Sun Jun 24 09:11:05 +0000 2018,Website: https://t.co/NQfjQbVnWi #FlipNpik #Crypto #Blockchain #FNP ¬†#Stellar #Bitcoin #Cryptocurrency #BTC #XLM‚Ä¶ https://t.co/uvoKcrglbL,0
Sun Jun 24 08:54:55 +0000 2018,What a year for Marvel! Absolutely loved #AntManAndTheWasp. Stellar ensemble and the humor is spot on. (Laughed mys‚Ä¶ https://t.co/3GQvlUrhnh,472
Sun Jun 24 08:50:31 +0000 2018,@mpspec @CorbieCrow @jshovlin11 @KamalaHarris Obama and Bush definitely did not have totally stellar records on imm‚Ä¶ https://t.co/AIIxD5ZGyV,1
Sun Jun 24 08:49:33 +0000 2018,Very sorry to see the end of #Timeless on @nbc. It‚Äôs a wonderful show with a stellar cast and crew that deserved to‚Ä¶ https://t.co/JhPyfzf8LS,662
Sun Jun 24 08:48:25 +0000 2018,What a year for Marvel! Absolutely loved #AntManAndTheWasp. Stellar ensemble and the humor is spot on. (Laughed mys‚Ä¶ https://t.co/3GQvlUrhnh,472
Sun Jun 24 08:47:08 +0000 2018,The next two episodes are STELLAR by the way.,0
Sun Jun 24 08:39:38 +0000 2018,What a year for Marvel! Absolutely loved #AntManAndTheWasp. Stellar ensemble and the humor is spot on. (Laughed mys‚Ä¶ https://t.co/3GQvlUrhnh,472
Sun Jun 24 08:32:18 +0000 2018,Very sorry to see the end of #Timeless on @nbc. It‚Äôs a wonderful show with a stellar cast and crew that deserved to‚Ä¶ https://t.co/JhPyfzf8LS,662
Sun Jun 24 08:15:34 +0000 2018,Very sorry to see the end of #Timeless on @nbc. It‚Äôs a wonderful show with a stellar cast and crew that deserved to‚Ä¶ https://t.co/JhPyfzf8LS,662
Sun Jun 24 08:15:20 +0000 2018,Very sorry to see the end of #Timeless on @nbc. It‚Äôs a wonderful show with a stellar cast and crew that deserved to‚Ä¶ https://t.co/JhPyfzf8LS,662
Sun Jun 24 08:14:00 +0000 2018,If you want to create a stellar experience each and every time for your prospective clients  read this! https://t.co/mj3DaknmDa,0
Sun Jun 24 08:10:52 +0000 2018,Very sorry to see the end of #Timeless on @nbc. It‚Äôs a wonderful show with a stellar cast and crew that deserved to‚Ä¶ https://t.co/JhPyfzf8LS,662
Sun Jun 24 07:54:55 +0000 2018,@GovMikeHuckabee Another charming example of stellar behavior from the Huckabee family.,0
Sun Jun 24 07:47:58 +0000 2018,Very sorry to see the end of #Timeless on @nbc. It‚Äôs a wonderful show with a stellar cast and crew that deserved to‚Ä¶ https://t.co/JhPyfzf8LS,662
Sun Jun 24 07:42:51 +0000 2018,Very sorry to see the end of #Timeless on @nbc. It‚Äôs a wonderful show with a stellar cast and crew that deserved to‚Ä¶ https://t.co/JhPyfzf8LS,662
Sun Jun 24 07:37:09 +0000 2018,Very sorry to see the end of #Timeless on @nbc. It‚Äôs a wonderful show with a stellar cast and crew that deserved to‚Ä¶ https://t.co/JhPyfzf8LS,662
Sun Jun 24 07:29:47 +0000 2018,A universe of vibrant colors lay within this spacescape's stellar nursery. https://t.co/lYGUAuKRtp‚Ä¶ https://t.co/iUCqqQyG3t,89
Sun Jun 24 07:24:34 +0000 2018,What a year for Marvel! Absolutely loved #AntManAndTheWasp. Stellar ensemble and the humor is spot on. (Laughed mys‚Ä¶ https://t.co/3GQvlUrhnh,472
Sun Jun 24 07:17:10 +0000 2018,Very sorry to see the end of #Timeless on @nbc. It‚Äôs a wonderful show with a stellar cast and crew that deserved to‚Ä¶ https://t.co/JhPyfzf8LS,662
Sun Jun 24 07:12:03 +0000 2018,What a year for Marvel! Absolutely loved #AntManAndTheWasp. Stellar ensemble and the humor is spot on. (Laughed mys‚Ä¶ https://t.co/3GQvlUrhnh,472
Sun Jun 24 06:55:39 +0000 2018,Very sorry to see the end of #Timeless on @nbc. It‚Äôs a wonderful show with a stellar cast and crew that deserved to‚Ä¶ https://t.co/JhPyfzf8LS,662
Sun Jun 24 06:55:32 +0000 2018,Very sorry to see the end of #Timeless on @nbc. It‚Äôs a wonderful show with a stellar cast and crew that deserved to‚Ä¶ https://t.co/JhPyfzf8LS,662
Sun Jun 24 06:53:44 +0000 2018,Very sorry to see the end of #Timeless on @nbc. It‚Äôs a wonderful show with a stellar cast and crew that deserved to‚Ä¶ https://t.co/JhPyfzf8LS,662
Sun Jun 24 06:39:23 +0000 2018,Very sorry to see the end of #Timeless on @nbc. It‚Äôs a wonderful show with a stellar cast and crew that deserved to‚Ä¶ https://t.co/JhPyfzf8LS,662
Sun Jun 24 06:38:34 +0000 2018,Very sorry to see the end of #Timeless on @nbc. It‚Äôs a wonderful show with a stellar cast and crew that deserved to‚Ä¶ https://t.co/JhPyfzf8LS,662
Sun Jun 24 06:29:15 +0000 2018,Very sorry to see the end of #Timeless on @nbc. It‚Äôs a wonderful show with a stellar cast and crew that deserved to‚Ä¶ https://t.co/JhPyfzf8LS,662
Sun Jun 24 06:20:36 +0000 2018,Very sorry to see the end of #Timeless on @nbc. It‚Äôs a wonderful show with a stellar cast and crew that deserved to‚Ä¶ https://t.co/JhPyfzf8LS,662
Sun Jun 24 06:19:26 +0000 2018,Very sorry to see the end of #Timeless on @nbc. It‚Äôs a wonderful show with a stellar cast and crew that deserved to‚Ä¶ https://t.co/JhPyfzf8LS,662
Sun Jun 24 06:17:11 +0000 2018,Very sorry to see the end of #Timeless on @nbc. It‚Äôs a wonderful show with a stellar cast and crew that deserved to‚Ä¶ https://t.co/JhPyfzf8LS,662
Sun Jun 24 06:11:22 +0000 2018,@ScottTammel This is stellar detective work  Scott.,0
Sun Jun 24 06:05:44 +0000 2018,What a year for Marvel! Absolutely loved #AntManAndTheWasp. Stellar ensemble and the humor is spot on. (Laughed mys‚Ä¶ https://t.co/3GQvlUrhnh,472
Sun Jun 24 05:51:28 +0000 2018,Very sorry to see the end of #Timeless on @nbc. It‚Äôs a wonderful show with a stellar cast and crew that deserved to‚Ä¶ https://t.co/JhPyfzf8LS,662
Sun Jun 24 05:50:19 +0000 2018,Very sorry to see the end of #Timeless on @nbc. It‚Äôs a wonderful show with a stellar cast and crew that deserved to‚Ä¶ https://t.co/JhPyfzf8LS,662
Sun Jun 24 05:40:31 +0000 2018,Very sorry to see the end of #Timeless on @nbc. It‚Äôs a wonderful show with a stellar cast and crew that deserved to‚Ä¶ https://t.co/JhPyfzf8LS,662
Sun Jun 24 05:34:36 +0000 2018,When you lose your keys  you panic. When you lose your purse/wallet  you panic. Now imagine having your child forci‚Ä¶ https://t.co/7YoCrorGbn,29037
Sun Jun 24 05:31:45 +0000 2018,Very sorry to see the end of #Timeless on @nbc. It‚Äôs a wonderful show with a stellar cast and crew that deserved to‚Ä¶ https://t.co/JhPyfzf8LS,662
Sun Jun 24 05:30:40 +0000 2018,Very sorry to see the end of #Timeless on @nbc. It‚Äôs a wonderful show with a stellar cast and crew that deserved to‚Ä¶ https://t.co/JhPyfzf8LS,662
Sun Jun 24 05:23:41 +0000 2018,Very sorry to see the end of #Timeless on @nbc. It‚Äôs a wonderful show with a stellar cast and crew that deserved to‚Ä¶ https://t.co/JhPyfzf8LS,662
Sun Jun 24 05:18:26 +0000 2018,National hero and Red Hen owner Stephanie Wilkinson on why she refused to serve Sarah Huckabee Sanders:  ‚ÄúI have a‚Ä¶ https://t.co/d4l0iUoVbn,7627
Sun Jun 24 05:18:25 +0000 2018,Very sorry to see the end of #Timeless on @nbc. It‚Äôs a wonderful show with a stellar cast and crew that deserved to‚Ä¶ https://t.co/JhPyfzf8LS,662
Sun Jun 24 05:15:58 +0000 2018,Very sorry to see the end of #Timeless on @nbc. It‚Äôs a wonderful show with a stellar cast and crew that deserved to‚Ä¶ https://t.co/JhPyfzf8LS,662
Sun Jun 24 05:15:54 +0000 2018,What a year for Marvel! Absolutely loved #AntManAndTheWasp. Stellar ensemble and the humor is spot on. (Laughed mys‚Ä¶ https://t.co/3GQvlUrhnh,472
Sun Jun 24 05:09:04 +0000 2018,Very sorry to see the end of #Timeless on @nbc. It‚Äôs a wonderful show with a stellar cast and crew that deserved to‚Ä¶ https://t.co/JhPyfzf8LS,662
Sun Jun 24 05:04:01 +0000 2018,What a year for Marvel! Absolutely loved #AntManAndTheWasp. Stellar ensemble and the humor is spot on. (Laughed mys‚Ä¶ https://t.co/3GQvlUrhnh,472
Sun Jun 24 05:02:46 +0000 2018,Very sorry to see the end of #Timeless on @nbc. It‚Äôs a wonderful show with a stellar cast and crew that deserved to‚Ä¶ https://t.co/JhPyfzf8LS,662
Sun Jun 24 04:59:55 +0000 2018,@TaylordlcIRL Well that's really observant  kind  and selfless of you. Good on you man I think that's stellar :)‚Ä¶ https://t.co/tjLNIeeZKU,0
Sun Jun 24 04:59:44 +0000 2018,What a year for Marvel! Absolutely loved #AntManAndTheWasp. Stellar ensemble and the humor is spot on. (Laughed mys‚Ä¶ https://t.co/3GQvlUrhnh,472
Sun Jun 24 04:57:02 +0000 2018,TRUMP IS A TROLL  and targets not only the USA but most of the world. We‚Äôve never had a POTUS denigrate his office‚Ä¶ https://t.co/DPSwYZb6yi,5149
Sun Jun 24 04:56:23 +0000 2018,Very sorry to see the end of #Timeless on @nbc. It‚Äôs a wonderful show with a stellar cast and crew that deserved to‚Ä¶ https://t.co/JhPyfzf8LS,662
Sun Jun 24 04:52:07 +0000 2018,What a year for Marvel! Absolutely loved #AntManAndTheWasp. Stellar ensemble and the humor is spot on. (Laughed mys‚Ä¶ https://t.co/3GQvlUrhnh,472
Sun Jun 24 04:51:14 +0000 2018,A universe of vibrant colors lay within this spacescape's stellar nursery. https://t.co/lYGUAuKRtp‚Ä¶ https://t.co/iUCqqQyG3t,89
Sun Jun 24 04:49:59 +0000 2018,Very sorry to see the end of #Timeless on @nbc. It‚Äôs a wonderful show with a stellar cast and crew that deserved to‚Ä¶ https://t.co/JhPyfzf8LS,662
Sun Jun 24 04:46:00 +0000 2018,THIS WEEK:  ‚Äî Stephen Miller heckled &amp; called a ‚ÄúFASCIST‚Äù while eating at a Mexican restaurant.  ‚Äî Kirstjen Nielsen‚Ä¶ https://t.co/yZFSHTU49X,11450
Sun Jun 24 04:45:39 +0000 2018,Sarah Huckabee Sanders is whining because she got thrown out of a Red Hen restaurant. Apparently she didn‚Äôt see the‚Ä¶ https://t.co/8qwhhBYxsJ,2347
Sun Jun 24 04:40:12 +0000 2018,What a year for Marvel! Absolutely loved #AntManAndTheWasp. Stellar ensemble and the humor is spot on. (Laughed mys‚Ä¶ https://t.co/3GQvlUrhnh,472
Sun Jun 24 04:38:16 +0000 2018,Very sorry to see the end of #Timeless on @nbc. It‚Äôs a wonderful show with a stellar cast and crew that deserved to‚Ä¶ https://t.co/JhPyfzf8LS,662
Sun Jun 24 04:36:18 +0000 2018,What a year for Marvel! Absolutely loved #AntManAndTheWasp. Stellar ensemble and the humor is spot on. (Laughed mys‚Ä¶ https://t.co/3GQvlUrhnh,472
Sun Jun 24 04:34:57 +0000 2018,And oops I should add that ‚Äúthese guys‚Äù are stellar thesps @TimGuinee &amp; Brian Henderson,1
Sun Jun 24 04:34:23 +0000 2018,Very sorry to see the end of #Timeless on @nbc. It‚Äôs a wonderful show with a stellar cast and crew that deserved to‚Ä¶ https://t.co/JhPyfzf8LS,662
Sun Jun 24 04:24:09 +0000 2018,This is a great shot of the @cityofboston skyline. #Massachusetts will be one of the 4 states where the #cred_app w‚Ä¶ https://t.co/QeWhxHUekO,14
Sun Jun 24 04:22:36 +0000 2018,Very sorry to see the end of #Timeless on @nbc. It‚Äôs a wonderful show with a stellar cast and crew that deserved to‚Ä¶ https://t.co/JhPyfzf8LS,662
Sun Jun 24 04:22:26 +0000 2018,Very sorry to see the end of #Timeless on @nbc. It‚Äôs a wonderful show with a stellar cast and crew that deserved to‚Ä¶ https://t.co/JhPyfzf8LS,662
Sun Jun 24 04:19:58 +0000 2018,There‚Äôs an election in Colorado Colorado - On Tuesday  June 26  vote for @RepDMB for representative and‚Ä¶ https://t.co/TtKdtUP7Tr,199
Sun Jun 24 04:17:43 +0000 2018,Very sorry to see the end of #Timeless on @nbc. It‚Äôs a wonderful show with a stellar cast and crew that deserved to‚Ä¶ https://t.co/JhPyfzf8LS,662
Sun Jun 24 04:17:20 +0000 2018,Very sorry to see the end of #Timeless on @nbc. It‚Äôs a wonderful show with a stellar cast and crew that deserved to‚Ä¶ https://t.co/JhPyfzf8LS,662
Sun Jun 24 04:12:45 +0000 2018,What a year for Marvel! Absolutely loved #AntManAndTheWasp. Stellar ensemble and the humor is spot on. (Laughed mys‚Ä¶ https://t.co/3GQvlUrhnh,472
Sun Jun 24 04:12:29 +0000 2018,The yts steaming Cadillac Car in DreamGirls always pisses me off but it birthed a stellar Jamie Foxx performance in Steppin to the Bad Side.,0
Sun Jun 24 04:07:50 +0000 2018,Very sorry to see the end of #Timeless on @nbc. It‚Äôs a wonderful show with a stellar cast and crew that deserved to‚Ä¶ https://t.co/JhPyfzf8LS,662
Sun Jun 24 04:03:29 +0000 2018,Thinking about driving 2 178 miles to grab some dinner at Red Hen,6911
Sun Jun 24 04:01:10 +0000 2018,Very sorry to see the end of #Timeless on @nbc. It‚Äôs a wonderful show with a stellar cast and crew that deserved to‚Ä¶ https://t.co/JhPyfzf8LS,662
Sun Jun 24 04:00:20 +0000 2018,What a year for Marvel! Absolutely loved #AntManAndTheWasp. Stellar ensemble and the humor is spot on. (Laughed mys‚Ä¶ https://t.co/3GQvlUrhnh,472
Sun Jun 24 03:57:46 +0000 2018,What a year for Marvel! Absolutely loved #AntManAndTheWasp. Stellar ensemble and the humor is spot on. (Laughed mys‚Ä¶ https://t.co/3GQvlUrhnh,472
Sun Jun 24 03:55:08 +0000 2018,Very sorry to see the end of #Timeless on @nbc. It‚Äôs a wonderful show with a stellar cast and crew that deserved to‚Ä¶ https://t.co/JhPyfzf8LS,662
Sun Jun 24 03:51:41 +0000 2018,Very sorry to see the end of #Timeless on @nbc. It‚Äôs a wonderful show with a stellar cast and crew that deserved to‚Ä¶ https://t.co/JhPyfzf8LS,662
Sun Jun 24 03:51:30 +0000 2018,Very sorry to see the end of #Timeless on @nbc. It‚Äôs a wonderful show with a stellar cast and crew that deserved to‚Ä¶ https://t.co/JhPyfzf8LS,662
Sun Jun 24 03:50:59 +0000 2018,Very sorry to see the end of #Timeless on @nbc. It‚Äôs a wonderful show with a stellar cast and crew that deserved to‚Ä¶ https://t.co/JhPyfzf8LS,662
Sun Jun 24 03:50:34 +0000 2018,Great article from Master Obi J Lund https://t.co/Tw5xxu1MSH,0
Sun Jun 24 03:49:05 +0000 2018,What a year for Marvel! Absolutely loved #AntManAndTheWasp. Stellar ensemble and the humor is spot on. (Laughed mys‚Ä¶ https://t.co/3GQvlUrhnh,472
Sun Jun 24 03:47:23 +0000 2018,Very sorry to see the end of #Timeless on @nbc. It‚Äôs a wonderful show with a stellar cast and crew that deserved to‚Ä¶ https://t.co/JhPyfzf8LS,662
Sun Jun 24 03:43:32 +0000 2018,Very sorry to see the end of #Timeless on @nbc. It‚Äôs a wonderful show with a stellar cast and crew that deserved to‚Ä¶ https://t.co/JhPyfzf8LS,662
Sun Jun 24 03:40:28 +0000 2018,Actually @GeorgeWill  after 500+ days of stellar results from @POTUS Trump's policies   I'm thrilled I voted for hi‚Ä¶ https://t.co/8PmDYUCkFa,22
Sun Jun 24 03:38:55 +0000 2018,Very sorry to see the end of #Timeless on @nbc. It‚Äôs a wonderful show with a stellar cast and crew that deserved to‚Ä¶ https://t.co/JhPyfzf8LS,662
Sun Jun 24 03:31:06 +0000 2018,Very sorry to see the end of #Timeless on @nbc. It‚Äôs a wonderful show with a stellar cast and crew that deserved to‚Ä¶ https://t.co/JhPyfzf8LS,662
Sun Jun 24 03:28:58 +0000 2018,Very sorry to see the end of #Timeless on @nbc. It‚Äôs a wonderful show with a stellar cast and crew that deserved to‚Ä¶ https://t.co/JhPyfzf8LS,662
Sun Jun 24 03:28:35 +0000 2018,Very sorry to see the end of #Timeless on @nbc. It‚Äôs a wonderful show with a stellar cast and crew that deserved to‚Ä¶ https://t.co/JhPyfzf8LS,662
Sun Jun 24 03:23:23 +0000 2018,Very sorry to see the end of #Timeless on @nbc. It‚Äôs a wonderful show with a stellar cast and crew that deserved to‚Ä¶ https://t.co/JhPyfzf8LS,662
Sun Jun 24 03:22:56 +0000 2018,Very sorry to see the end of #Timeless on @nbc. It‚Äôs a wonderful show with a stellar cast and crew that deserved to‚Ä¶ https://t.co/JhPyfzf8LS,662
Sun Jun 24 03:16:47 +0000 2018,Very sorry to see the end of #Timeless on @nbc. It‚Äôs a wonderful show with a stellar cast and crew that deserved to‚Ä¶ https://t.co/JhPyfzf8LS,662
Sun Jun 24 03:13:42 +0000 2018,What a year for Marvel! Absolutely loved #AntManAndTheWasp. Stellar ensemble and the humor is spot on. (Laughed mys‚Ä¶ https://t.co/3GQvlUrhnh,472
Sun Jun 24 03:13:00 +0000 2018,What a year for Marvel! Absolutely loved #AntManAndTheWasp. Stellar ensemble and the humor is spot on. (Laughed mys‚Ä¶ https://t.co/3GQvlUrhnh,472
Sun Jun 24 03:03:38 +0000 2018,Very sorry to see the end of #Timeless on @nbc. It‚Äôs a wonderful show with a stellar cast and crew that deserved to‚Ä¶ https://t.co/JhPyfzf8LS,662
Sun Jun 24 02:58:30 +0000 2018,Very sorry to see the end of #Timeless on @nbc. It‚Äôs a wonderful show with a stellar cast and crew that deserved to‚Ä¶ https://t.co/JhPyfzf8LS,662
Sun Jun 24 02:52:48 +0000 2018,Very sorry to see the end of #Timeless on @nbc. It‚Äôs a wonderful show with a stellar cast and crew that deserved to‚Ä¶ https://t.co/JhPyfzf8LS,662
Sun Jun 24 02:52:40 +0000 2018,Very sorry to see the end of #Timeless on @nbc. It‚Äôs a wonderful show with a stellar cast and crew that deserved to‚Ä¶ https://t.co/JhPyfzf8LS,662
Sun Jun 24 02:51:04 +0000 2018,What a year for Marvel! Absolutely loved #AntManAndTheWasp. Stellar ensemble and the humor is spot on. (Laughed mys‚Ä¶ https://t.co/3GQvlUrhnh,472
Sun Jun 24 02:50:38 +0000 2018,Very sorry to see the end of #Timeless on @nbc. It‚Äôs a wonderful show with a stellar cast and crew that deserved to‚Ä¶ https://t.co/JhPyfzf8LS,662
Sun Jun 24 02:50:19 +0000 2018,Very sorry to see the end of #Timeless on @nbc. It‚Äôs a wonderful show with a stellar cast and crew that deserved to‚Ä¶ https://t.co/JhPyfzf8LS,662
Sun Jun 24 02:48:02 +0000 2018,Very sorry to see the end of #Timeless on @nbc. It‚Äôs a wonderful show with a stellar cast and crew that deserved to‚Ä¶ https://t.co/JhPyfzf8LS,662
Sun Jun 24 02:47:30 +0000 2018,What a year for Marvel! Absolutely loved #AntManAndTheWasp. Stellar ensemble and the humor is spot on. (Laughed mys‚Ä¶ https://t.co/3GQvlUrhnh,472
Sun Jun 24 02:46:53 +0000 2018,Very sorry to see the end of #Timeless on @nbc. It‚Äôs a wonderful show with a stellar cast and crew that deserved to‚Ä¶ https://t.co/JhPyfzf8LS,662
Sun Jun 24 02:46:22 +0000 2018,Very sorry to see the end of #Timeless on @nbc. It‚Äôs a wonderful show with a stellar cast and crew that deserved to‚Ä¶ https://t.co/JhPyfzf8LS,662
Sun Jun 24 02:46:03 +0000 2018,Very sorry to see the end of #Timeless on @nbc. It‚Äôs a wonderful show with a stellar cast and crew that deserved to‚Ä¶ https://t.co/JhPyfzf8LS,662
Sun Jun 24 02:40:04 +0000 2018,Very sorry to see the end of #Timeless on @nbc. It‚Äôs a wonderful show with a stellar cast and crew that deserved to‚Ä¶ https://t.co/JhPyfzf8LS,662
Sun Jun 24 02:38:28 +0000 2018,Very sorry to see the end of #Timeless on @nbc. It‚Äôs a wonderful show with a stellar cast and crew that deserved to‚Ä¶ https://t.co/JhPyfzf8LS,662
Sun Jun 24 02:34:33 +0000 2018,Very sorry to see the end of #Timeless on @nbc. It‚Äôs a wonderful show with a stellar cast and crew that deserved to‚Ä¶ https://t.co/JhPyfzf8LS,662
Sun Jun 24 02:32:57 +0000 2018,Very sorry to see the end of #Timeless on @nbc. It‚Äôs a wonderful show with a stellar cast and crew that deserved to‚Ä¶ https://t.co/JhPyfzf8LS,662
Sun Jun 24 02:30:15 +0000 2018,Very sorry to see the end of #Timeless on @nbc. It‚Äôs a wonderful show with a stellar cast and crew that deserved to‚Ä¶ https://t.co/JhPyfzf8LS,662
Sun Jun 24 02:30:03 +0000 2018,Very sorry to see the end of #Timeless on @nbc. It‚Äôs a wonderful show with a stellar cast and crew that deserved to‚Ä¶ https://t.co/JhPyfzf8LS,662
Sun Jun 24 02:29:35 +0000 2018,Very sorry to see the end of #Timeless on @nbc. It‚Äôs a wonderful show with a stellar cast and crew that deserved to‚Ä¶ https://t.co/JhPyfzf8LS,662
Sun Jun 24 02:28:28 +0000 2018,Very sorry to see the end of #Timeless on @nbc. It‚Äôs a wonderful show with a stellar cast and crew that deserved to‚Ä¶ https://t.co/JhPyfzf8LS,662
Sun Jun 24 02:27:45 +0000 2018,Very sorry to see the end of #Timeless on @nbc. It‚Äôs a wonderful show with a stellar cast and crew that deserved to‚Ä¶ https://t.co/JhPyfzf8LS,662
Sun Jun 24 02:26:44 +0000 2018,Very sorry to see the end of #Timeless on @nbc. It‚Äôs a wonderful show with a stellar cast and crew that deserved to‚Ä¶ https://t.co/JhPyfzf8LS,662
Sun Jun 24 02:26:22 +0000 2018,Stellar fkn' Corpses! Stellar Corpses Batcave Records https://t.co/JgwbHqtNWm,0
Sun Jun 24 02:21:04 +0000 2018,What a year for Marvel! Absolutely loved #AntManAndTheWasp. Stellar ensemble and the humor is spot on. (Laughed mys‚Ä¶ https://t.co/3GQvlUrhnh,472
Sun Jun 24 02:16:52 +0000 2018,Very sorry to see the end of #Timeless on @nbc. It‚Äôs a wonderful show with a stellar cast and crew that deserved to‚Ä¶ https://t.co/JhPyfzf8LS,662
Sun Jun 24 02:12:10 +0000 2018,Very sorry to see the end of #Timeless on @nbc. It‚Äôs a wonderful show with a stellar cast and crew that deserved to‚Ä¶ https://t.co/JhPyfzf8LS,662
Sun Jun 24 02:06:19 +0000 2018,Very sorry to see the end of #Timeless on @nbc. It‚Äôs a wonderful show with a stellar cast and crew that deserved to‚Ä¶ https://t.co/JhPyfzf8LS,662
Sun Jun 24 02:06:19 +0000 2018,Very sorry to see the end of #Timeless on @nbc. It‚Äôs a wonderful show with a stellar cast and crew that deserved to‚Ä¶ https://t.co/JhPyfzf8LS,662
Sun Jun 24 02:01:54 +0000 2018,Actually @GeorgeWill  after 500+ days of stellar results from @POTUS Trump's policies   I'm thrilled I voted for hi‚Ä¶ https://t.co/8PmDYUCkFa,22
Sun Jun 24 02:00:49 +0000 2018,Very sorry to see the end of #Timeless on @nbc. It‚Äôs a wonderful show with a stellar cast and crew that deserved to‚Ä¶ https://t.co/JhPyfzf8LS,662
Sun Jun 24 01:57:03 +0000 2018,Very sorry to see the end of #Timeless on @nbc. It‚Äôs a wonderful show with a stellar cast and crew that deserved to‚Ä¶ https://t.co/JhPyfzf8LS,662
Sun Jun 24 01:56:32 +0000 2018,Very sorry to see the end of #Timeless on @nbc. It‚Äôs a wonderful show with a stellar cast and crew that deserved to‚Ä¶ https://t.co/JhPyfzf8LS,662
Sun Jun 24 01:53:42 +0000 2018,Very sorry to see the end of #Timeless on @nbc. It‚Äôs a wonderful show with a stellar cast and crew that deserved to‚Ä¶ https://t.co/JhPyfzf8LS,662
Sun Jun 24 01:52:22 +0000 2018,@ParkerMolloy This is fucking stellar! ‚ù§Ô∏è‚ù§Ô∏è‚ù§Ô∏è,0
Sun Jun 24 01:50:23 +0000 2018,Very sorry to see the end of #Timeless on @nbc. It‚Äôs a wonderful show with a stellar cast and crew that deserved to‚Ä¶ https://t.co/JhPyfzf8LS,662
Sun Jun 24 01:49:11 +0000 2018,Very sorry to see the end of #Timeless on @nbc. It‚Äôs a wonderful show with a stellar cast and crew that deserved to‚Ä¶ https://t.co/JhPyfzf8LS,662
Sun Jun 24 01:45:13 +0000 2018,Very sorry to see the end of #Timeless on @nbc. It‚Äôs a wonderful show with a stellar cast and crew that deserved to‚Ä¶ https://t.co/JhPyfzf8LS,662
Sun Jun 24 01:44:03 +0000 2018,What a year for Marvel! Absolutely loved #AntManAndTheWasp. Stellar ensemble and the humor is spot on. (Laughed mys‚Ä¶ https://t.co/3GQvlUrhnh,472
Sun Jun 24 01:43:01 +0000 2018,What a year for Marvel! Absolutely loved #AntManAndTheWasp. Stellar ensemble and the humor is spot on. (Laughed mys‚Ä¶ https://t.co/3GQvlUrhnh,472
Sun Jun 24 01:40:25 +0000 2018,Very sorry to see the end of #Timeless on @nbc. It‚Äôs a wonderful show with a stellar cast and crew that deserved to‚Ä¶ https://t.co/JhPyfzf8LS,662
Sun Jun 24 01:39:37 +0000 2018,Bitcoin  Ethereum  Ripple  Bitcoin Cash  EOS  Litecoin  Cardano  Stellar  IOTA: Price Analysis  June 22‚Ä¶ https://t.co/oqcHbMTD42,1
Sun Jun 24 01:35:50 +0000 2018,Very sorry to see the end of #Timeless on @nbc. It‚Äôs a wonderful show with a stellar cast and crew that deserved to‚Ä¶ https://t.co/JhPyfzf8LS,662
Sun Jun 24 01:33:14 +0000 2018,Very sorry to see the end of #Timeless on @nbc. It‚Äôs a wonderful show with a stellar cast and crew that deserved to‚Ä¶ https://t.co/JhPyfzf8LS,662
Sun Jun 24 01:27:17 +0000 2018,Very sorry to see the end of #Timeless on @nbc. It‚Äôs a wonderful show with a stellar cast and crew that deserved to‚Ä¶ https://t.co/JhPyfzf8LS,662
Sun Jun 24 01:21:21 +0000 2018,What a year for Marvel! Absolutely loved #AntManAndTheWasp. Stellar ensemble and the humor is spot on. (Laughed mys‚Ä¶ https://t.co/3GQvlUrhnh,472
Sun Jun 24 01:20:17 +0000 2018,Very sorry to see the end of #Timeless on @nbc. It‚Äôs a wonderful show with a stellar cast and crew that deserved to‚Ä¶ https://t.co/JhPyfzf8LS,662
Sun Jun 24 01:19:25 +0000 2018,Very sorry to see the end of #Timeless on @nbc. It‚Äôs a wonderful show with a stellar cast and crew that deserved to‚Ä¶ https://t.co/JhPyfzf8LS,662
Sun Jun 24 01:13:56 +0000 2018,What a year for Marvel! Absolutely loved #AntManAndTheWasp. Stellar ensemble and the humor is spot on. (Laughed mys‚Ä¶ https://t.co/3GQvlUrhnh,472
Sun Jun 24 01:10:05 +0000 2018,Very sorry to see the end of #Timeless on @nbc. It‚Äôs a wonderful show with a stellar cast and crew that deserved to‚Ä¶ https://t.co/JhPyfzf8LS,662
Sun Jun 24 01:07:03 +0000 2018,Very sorry to see the end of #Timeless on @nbc. It‚Äôs a wonderful show with a stellar cast and crew that deserved to‚Ä¶ https://t.co/JhPyfzf8LS,662
Sun Jun 24 01:05:12 +0000 2018,Very sorry to see the end of #Timeless on @nbc. It‚Äôs a wonderful show with a stellar cast and crew that deserved to‚Ä¶ https://t.co/JhPyfzf8LS,662
Sun Jun 24 01:05:07 +0000 2018,Very sorry to see the end of #Timeless on @nbc. It‚Äôs a wonderful show with a stellar cast and crew that deserved to‚Ä¶ https://t.co/JhPyfzf8LS,662
Sun Jun 24 01:00:41 +0000 2018,Very sorry to see the end of #Timeless on @nbc. It‚Äôs a wonderful show with a stellar cast and crew that deserved to‚Ä¶ https://t.co/JhPyfzf8LS,662
Sun Jun 24 00:58:48 +0000 2018,Very sorry to see the end of #Timeless on @nbc. It‚Äôs a wonderful show with a stellar cast and crew that deserved to‚Ä¶ https://t.co/JhPyfzf8LS,662
Sun Jun 24 00:56:33 +0000 2018,Very sorry to see the end of #Timeless on @nbc. It‚Äôs a wonderful show with a stellar cast and crew that deserved to‚Ä¶ https://t.co/JhPyfzf8LS,662
Sun Jun 24 00:56:10 +0000 2018,Very sorry to see the end of #Timeless on @nbc. It‚Äôs a wonderful show with a stellar cast and crew that deserved to‚Ä¶ https://t.co/JhPyfzf8LS,662
Sun Jun 24 00:54:27 +0000 2018,Very sorry to see the end of #Timeless on @nbc. It‚Äôs a wonderful show with a stellar cast and crew that deserved to‚Ä¶ https://t.co/JhPyfzf8LS,662
Sun Jun 24 00:52:57 +0000 2018,What a year for Marvel! Absolutely loved #AntManAndTheWasp. Stellar ensemble and the humor is spot on. (Laughed mys‚Ä¶ https://t.co/3GQvlUrhnh,472
Sun Jun 24 00:51:48 +0000 2018,Very sorry to see the end of #Timeless on @nbc. It‚Äôs a wonderful show with a stellar cast and crew that deserved to‚Ä¶ https://t.co/JhPyfzf8LS,662
Sun Jun 24 00:48:56 +0000 2018,Very sorry to see the end of #Timeless on @nbc. It‚Äôs a wonderful show with a stellar cast and crew that deserved to‚Ä¶ https://t.co/JhPyfzf8LS,662
Sun Jun 24 00:48:52 +0000 2018,Very sorry to see the end of #Timeless on @nbc. It‚Äôs a wonderful show with a stellar cast and crew that deserved to‚Ä¶ https://t.co/JhPyfzf8LS,662
Sun Jun 24 00:47:42 +0000 2018,Very sorry to see the end of #Timeless on @nbc. It‚Äôs a wonderful show with a stellar cast and crew that deserved to‚Ä¶ https://t.co/JhPyfzf8LS,662
Sun Jun 24 00:45:32 +0000 2018,Very sorry to see the end of #Timeless on @nbc. It‚Äôs a wonderful show with a stellar cast and crew that deserved to‚Ä¶ https://t.co/JhPyfzf8LS,662
Sun Jun 24 00:44:05 +0000 2018,Very sorry to see the end of #Timeless on @nbc. It‚Äôs a wonderful show with a stellar cast and crew that deserved to‚Ä¶ https://t.co/JhPyfzf8LS,662
Sun Jun 24 00:44:00 +0000 2018,Very sorry to see the end of #Timeless on @nbc. It‚Äôs a wonderful show with a stellar cast and crew that deserved to‚Ä¶ https://t.co/JhPyfzf8LS,662
Sun Jun 24 00:44:00 +0000 2018,Very sorry to see the end of #Timeless on @nbc. It‚Äôs a wonderful show with a stellar cast and crew that deserved to‚Ä¶ https://t.co/JhPyfzf8LS,662
Sun Jun 24 00:42:41 +0000 2018,Very sorry to see the end of #Timeless on @nbc. It‚Äôs a wonderful show with a stellar cast and crew that deserved to‚Ä¶ https://t.co/JhPyfzf8LS,662
Sun Jun 24 00:41:36 +0000 2018,Very sorry to see the end of #Timeless on @nbc. It‚Äôs a wonderful show with a stellar cast and crew that deserved to‚Ä¶ https://t.co/JhPyfzf8LS,662
Sun Jun 24 00:41:17 +0000 2018,Very sorry to see the end of #Timeless on @nbc. It‚Äôs a wonderful show with a stellar cast and crew that deserved to‚Ä¶ https://t.co/JhPyfzf8LS,662
Sun Jun 24 00:39:38 +0000 2018,Very sorry to see the end of #Timeless on @nbc. It‚Äôs a wonderful show with a stellar cast and crew that deserved to‚Ä¶ https://t.co/JhPyfzf8LS,662
Sun Jun 24 00:39:31 +0000 2018,Very sorry to see the end of #Timeless on @nbc. It‚Äôs a wonderful show with a stellar cast and crew that deserved to‚Ä¶ https://t.co/JhPyfzf8LS,662
Sun Jun 24 00:38:52 +0000 2018,Very sorry to see the end of #Timeless on @nbc. It‚Äôs a wonderful show with a stellar cast and crew that deserved to‚Ä¶ https://t.co/JhPyfzf8LS,662
Sun Jun 24 00:36:58 +0000 2018,Very sorry to see the end of #Timeless on @nbc. It‚Äôs a wonderful show with a stellar cast and crew that deserved to‚Ä¶ https://t.co/JhPyfzf8LS,662
Sun Jun 24 00:36:50 +0000 2018,Very sorry to see the end of #Timeless on @nbc. It‚Äôs a wonderful show with a stellar cast and crew that deserved to‚Ä¶ https://t.co/JhPyfzf8LS,662
Sun Jun 24 00:36:41 +0000 2018,Very sorry to see the end of #Timeless on @nbc. It‚Äôs a wonderful show with a stellar cast and crew that deserved to‚Ä¶ https://t.co/JhPyfzf8LS,662
Sun Jun 24 00:31:51 +0000 2018,What a year for Marvel! Absolutely loved #AntManAndTheWasp. Stellar ensemble and the humor is spot on. (Laughed mys‚Ä¶ https://t.co/3GQvlUrhnh,472
Sun Jun 24 00:29:30 +0000 2018,Very sorry to see the end of #Timeless on @nbc. It‚Äôs a wonderful show with a stellar cast and crew that deserved to‚Ä¶ https://t.co/JhPyfzf8LS,662
Sun Jun 24 00:25:07 +0000 2018,Very sorry to see the end of #Timeless on @nbc. It‚Äôs a wonderful show with a stellar cast and crew that deserved to‚Ä¶ https://t.co/JhPyfzf8LS,662
Sun Jun 24 00:22:20 +0000 2018,Very sorry to see the end of #Timeless on @nbc. It‚Äôs a wonderful show with a stellar cast and crew that deserved to‚Ä¶ https://t.co/JhPyfzf8LS,662
Sun Jun 24 00:20:12 +0000 2018,@JerryBriggs He‚Äôs already started twice in Omaha and both were less than stellar outings..,0
Sun Jun 24 00:20:06 +0000 2018,Very sorry to see the end of #Timeless on @nbc. It‚Äôs a wonderful show with a stellar cast and crew that deserved to‚Ä¶ https://t.co/JhPyfzf8LS,662
Sun Jun 24 00:16:06 +0000 2018,Very sorry to see the end of #Timeless on @nbc. It‚Äôs a wonderful show with a stellar cast and crew that deserved to‚Ä¶ https://t.co/JhPyfzf8LS,662
Sun Jun 24 00:14:22 +0000 2018,Very sorry to see the end of #Timeless on @nbc. It‚Äôs a wonderful show with a stellar cast and crew that deserved to‚Ä¶ https://t.co/JhPyfzf8LS,662
Sun Jun 24 00:11:40 +0000 2018,Very sorry to see the end of #Timeless on @nbc. It‚Äôs a wonderful show with a stellar cast and crew that deserved to‚Ä¶ https://t.co/JhPyfzf8LS,662
Sun Jun 24 00:10:57 +0000 2018,Very sorry to see the end of #Timeless on @nbc. It‚Äôs a wonderful show with a stellar cast and crew that deserved to‚Ä¶ https://t.co/JhPyfzf8LS,662
Sun Jun 24 00:08:21 +0000 2018,Very sorry to see the end of #Timeless on @nbc. It‚Äôs a wonderful show with a stellar cast and crew that deserved to‚Ä¶ https://t.co/JhPyfzf8LS,662
Sun Jun 24 00:08:18 +0000 2018,Actually @GeorgeWill  after 500+ days of stellar results from @POTUS Trump's policies   I'm thrilled I voted for hi‚Ä¶ https://t.co/8PmDYUCkFa,22
Sun Jun 24 00:04:44 +0000 2018,Very sorry to see the end of #Timeless on @nbc. It‚Äôs a wonderful show with a stellar cast and crew that deserved to‚Ä¶ https://t.co/JhPyfzf8LS,662
Sun Jun 24 00:02:52 +0000 2018,What a year for Marvel! Absolutely loved #AntManAndTheWasp. Stellar ensemble and the humor is spot on. (Laughed mys‚Ä¶ https://t.co/3GQvlUrhnh,472
