Tue Jun 12 22:50:59 +0000 2018,#TRON $TRX #TRX will be listed on @TradeSatoshi  it will support TRX deposit  withdraw and trading since Jun  26  2… https://t.co/ft9LP4yJMt,149
Tue Jun 12 22:10:48 +0000 2018,This was a fun crypto &amp; Bitcoin discussion - very timely too. Highly recommended!  Netflix and Shill - Episode 7 wi… https://t.co/RQIa8OQTVI,8
Tue Jun 12 21:59:16 +0000 2018,#TRON $TRX #TRX will be listed on @TradeSatoshi  it will support TRX deposit  withdraw and trading since Jun  26  2… https://t.co/ft9LP4yJMt,149
Tue Jun 12 21:58:00 +0000 2018,#TRON $TRX #TRX will be listed on @TradeSatoshi  it will support TRX deposit  withdraw and trading since Jun  26  2… https://t.co/ft9LP4yJMt,149
Tue Jun 12 21:46:36 +0000 2018,#TRON $TRX #TRX will be listed on @TradeSatoshi  it will support TRX deposit  withdraw and trading since Jun  26  2… https://t.co/ft9LP4yJMt,149
Tue Jun 12 21:27:21 +0000 2018,#TRON $TRX #TRX will be listed on @TradeSatoshi  it will support TRX deposit  withdraw and trading since Jun  26  2… https://t.co/ft9LP4yJMt,149
Tue Jun 12 20:59:59 +0000 2018,#TRON $TRX #TRX will be listed on @TradeSatoshi  it will support TRX deposit  withdraw and trading since Jun  26  2… https://t.co/ft9LP4yJMt,149
Tue Jun 12 20:57:13 +0000 2018,#TRON $TRX #TRX will be listed on @coinexcom  you can deposit #TRX and trade TRX/BCH  TRX/BTC at 11:00am  June 6  2… https://t.co/LO1kbNLiC4,712
Tue Jun 12 20:37:10 +0000 2018,#TRON $TRX #TRX will be listed on @TradeSatoshi  it will support TRX deposit  withdraw and trading since Jun  26  2… https://t.co/ft9LP4yJMt,149
Tue Jun 12 20:28:43 +0000 2018,#TRON $TRX #TRX will be listed on @TradeSatoshi  it will support TRX deposit  withdraw and trading since Jun  26  2… https://t.co/ft9LP4yJMt,149
Tue Jun 12 20:24:33 +0000 2018,#TRON $TRX #TRX will be listed on @TradeSatoshi  it will support TRX deposit  withdraw and trading since Jun  26  2… https://t.co/ft9LP4yJMt,149
Tue Jun 12 20:05:03 +0000 2018,みんなのビットコインキャッシュ(bch) の予想          △上げ予想80%  ▼下げ予想20%  #仮想通貨 #bchjpy #bch #bitcoinchash #ビットコインキャッシュ  仮想通貨予想アプリ… https://t.co/7JVFudqigF,1
Tue Jun 12 20:02:32 +0000 2018,#TRON $TRX #TRX will be listed on @TradeSatoshi  it will support TRX deposit  withdraw and trading since Jun  26  2… https://t.co/ft9LP4yJMt,149
Tue Jun 12 20:01:01 +0000 2018,Report: TRON Cryptocurrency Founder Acquired BitTorrent $BTC $ETH $LTC $BCH #crypto #blockchain #bitcoin #altcoin https://t.co/Svp5SwTI53,0
Tue Jun 12 19:35:37 +0000 2018,#TRON $TRX #TRX will be listed on @TradeSatoshi  it will support TRX deposit  withdraw and trading since Jun  26  2… https://t.co/ft9LP4yJMt,149
Tue Jun 12 19:18:58 +0000 2018,#TRON $TRX #TRX will be listed on @TradeSatoshi  it will support TRX deposit  withdraw and trading since Jun  26  2… https://t.co/ft9LP4yJMt,149
Tue Jun 12 18:45:07 +0000 2018,#TRON $TRX #TRX will be listed on @TradeSatoshi  it will support TRX deposit  withdraw and trading since Jun  26  2… https://t.co/ft9LP4yJMt,149
Tue Jun 12 18:16:16 +0000 2018,@_Kevin_Pham you were forced to hodl BCH,0
Tue Jun 12 18:02:38 +0000 2018,#TRON $TRX #TRX will be listed on @TradeSatoshi  it will support TRX deposit  withdraw and trading since Jun  26  2… https://t.co/ft9LP4yJMt,149
Tue Jun 12 18:01:51 +0000 2018,#TRON $TRX #TRX will be listed on @TradeSatoshi  it will support TRX deposit  withdraw and trading since Jun  26  2… https://t.co/ft9LP4yJMt,149
Tue Jun 12 17:52:43 +0000 2018,:1: Sometimes you are so close to something you forget. Matt is completely right.   Confusion between BTC vs BCH an… https://t.co/sDfqLiNxRR,3
Tue Jun 12 17:47:02 +0000 2018,#TRON $TRX #TRX will be listed on @TradeSatoshi  it will support TRX deposit  withdraw and trading since Jun  26  2… https://t.co/ft9LP4yJMt,149
Tue Jun 12 17:39:23 +0000 2018,#TRON $TRX #TRX will be listed on @TradeSatoshi  it will support TRX deposit  withdraw and trading since Jun  26  2… https://t.co/ft9LP4yJMt,149
Tue Jun 12 17:30:50 +0000 2018,BlockChannel:https://t.co/9ILXfAOFzc #bch #atomicbet https://t.co/1p84gUBKNH,0
Tue Jun 12 17:15:45 +0000 2018,:1: Sometimes you are so close to something you forget. Matt is completely right.   Confusion between BTC vs BCH an… https://t.co/sDfqLiNxRR,3
Tue Jun 12 17:15:09 +0000 2018,#TRON $TRX #TRX will be listed on @TradeSatoshi  it will support TRX deposit  withdraw and trading since Jun  26  2… https://t.co/ft9LP4yJMt,149
Tue Jun 12 17:14:48 +0000 2018,:1: Sometimes you are so close to something you forget. Matt is completely right.   Confusion between BTC vs BCH an… https://t.co/sDfqLiNxRR,3
Tue Jun 12 16:51:49 +0000 2018,#TRON $TRX #TRX will be listed on @TradeSatoshi  it will support TRX deposit  withdraw and trading since Jun  26  2… https://t.co/ft9LP4yJMt,149
Tue Jun 12 16:39:44 +0000 2018,#TRON $TRX #TRX will be listed on @TradeSatoshi  it will support TRX deposit  withdraw and trading since Jun  26  2… https://t.co/ft9LP4yJMt,149
Tue Jun 12 16:36:28 +0000 2018,#TRON $TRX #TRX will be listed on @TradeSatoshi  it will support TRX deposit  withdraw and trading since Jun  26  2… https://t.co/ft9LP4yJMt,149
Tue Jun 12 16:28:22 +0000 2018,#TRON $TRX #TRX will be listed on @TradeSatoshi  it will support TRX deposit  withdraw and trading since Jun  26  2… https://t.co/ft9LP4yJMt,149
Tue Jun 12 16:23:20 +0000 2018,#TRON $TRX #TRX will be listed on @TradeSatoshi  it will support TRX deposit  withdraw and trading since Jun  26  2… https://t.co/ft9LP4yJMt,149
Tue Jun 12 16:11:09 +0000 2018,#TRON $TRX #TRX will be listed on @TradeSatoshi  it will support TRX deposit  withdraw and trading since Jun  26  2… https://t.co/ft9LP4yJMt,149
Tue Jun 12 16:07:32 +0000 2018,#TRON $TRX #TRX will be listed on @TradeSatoshi  it will support TRX deposit  withdraw and trading since Jun  26  2… https://t.co/ft9LP4yJMt,149
Tue Jun 12 16:05:03 +0000 2018,みんなのビットコインキャッシュ(bch) の予想          △上げ予想100%  ▼下げ予想0%  #仮想通貨 #bchjpy #bch #bitcoinchash #ビットコインキャッシュ  仮想通貨予想アプリ… https://t.co/nJCpL2L3tq,0
Tue Jun 12 16:02:54 +0000 2018,#TRON $TRX #TRX will be listed on @TradeSatoshi  it will support TRX deposit  withdraw and trading since Jun  26  2… https://t.co/ft9LP4yJMt,149
Tue Jun 12 16:01:53 +0000 2018,#TRON $TRX #TRX will be listed on @TradeSatoshi  it will support TRX deposit  withdraw and trading since Jun  26  2… https://t.co/ft9LP4yJMt,149
Tue Jun 12 16:01:32 +0000 2018,#TRON $TRX #TRX will be listed on @TradeSatoshi  it will support TRX deposit  withdraw and trading since Jun  26  2… https://t.co/ft9LP4yJMt,149
Tue Jun 12 16:01:17 +0000 2018,#TRON $TRX #TRX will be listed on @TradeSatoshi  it will support TRX deposit  withdraw and trading since Jun  26  2… https://t.co/ft9LP4yJMt,149
Tue Jun 12 15:12:08 +0000 2018,#TRON $TRX #TRX will be listed on @TradeSatoshi  it will support TRX deposit  withdraw and trading since Jun  26  2… https://t.co/ft9LP4yJMt,149
Tue Jun 12 15:04:39 +0000 2018,#TRON $TRX #TRX will be listed on @coinexcom  you can deposit #TRX and trade TRX/BCH  TRX/BTC at 11:00am  June 6  2… https://t.co/LO1kbNLiC4,712
Tue Jun 12 15:03:54 +0000 2018,#TRON $TRX #TRX will be listed on @TradeSatoshi  it will support TRX deposit  withdraw and trading since Jun  26  2… https://t.co/ft9LP4yJMt,149
Tue Jun 12 15:01:05 +0000 2018,#TRON $TRX #TRX will be listed on @TradeSatoshi  it will support TRX deposit  withdraw and trading since Jun  26  2… https://t.co/ft9LP4yJMt,149
Tue Jun 12 15:00:14 +0000 2018,#TRON $TRX #TRX will be listed on @TradeSatoshi  it will support TRX deposit  withdraw and trading since Jun  26  2… https://t.co/ft9LP4yJMt,149
Tue Jun 12 14:53:07 +0000 2018,#TRON $TRX #TRX will be listed on @TradeSatoshi  it will support TRX deposit  withdraw and trading since Jun  26  2… https://t.co/ft9LP4yJMt,149
Tue Jun 12 14:36:47 +0000 2018,#TRON $TRX #TRX will be listed on @TradeSatoshi  it will support TRX deposit  withdraw and trading since Jun  26  2… https://t.co/ft9LP4yJMt,149
Tue Jun 12 14:17:38 +0000 2018,#TRON $TRX #TRX will be listed on @TradeSatoshi  it will support TRX deposit  withdraw and trading since Jun  26  2… https://t.co/ft9LP4yJMt,149
Tue Jun 12 14:07:17 +0000 2018,#TRON $TRX #TRX will be listed on @TradeSatoshi  it will support TRX deposit  withdraw and trading since Jun  26  2… https://t.co/ft9LP4yJMt,149
Tue Jun 12 14:00:14 +0000 2018,#TRON $TRX #TRX will be listed on @TradeSatoshi  it will support TRX deposit  withdraw and trading since Jun  26  2… https://t.co/ft9LP4yJMt,149
Tue Jun 12 13:39:49 +0000 2018,#TRON $TRX #TRX will be listed on @TradeSatoshi  it will support TRX deposit  withdraw and trading since Jun  26  2… https://t.co/ft9LP4yJMt,149
Tue Jun 12 13:38:06 +0000 2018,#TRON $TRX #TRX will be listed on @TradeSatoshi  it will support TRX deposit  withdraw and trading since Jun  26  2… https://t.co/ft9LP4yJMt,149
Tue Jun 12 13:35:02 +0000 2018,#TRON $TRX #TRX will be listed on @TradeSatoshi  it will support TRX deposit  withdraw and trading since Jun  26  2… https://t.co/ft9LP4yJMt,149
Tue Jun 12 13:35:02 +0000 2018,#TRON $TRX #TRX will be listed on @TradeSatoshi  it will support TRX deposit  withdraw and trading since Jun  26  2… https://t.co/ft9LP4yJMt,149
Tue Jun 12 13:34:10 +0000 2018,#TRON $TRX #TRX will be listed on @TradeSatoshi  it will support TRX deposit  withdraw and trading since Jun  26  2… https://t.co/ft9LP4yJMt,149
Tue Jun 12 13:24:30 +0000 2018,#TRON $TRX #TRX will be listed on @coinexcom  you can deposit #TRX and trade TRX/BCH  TRX/BTC at 11:00am  June 6  2… https://t.co/LO1kbNLiC4,712
Tue Jun 12 13:20:33 +0000 2018,#TRON $TRX #TRX will be listed on @TradeSatoshi  it will support TRX deposit  withdraw and trading since Jun  26  2… https://t.co/ft9LP4yJMt,149
Tue Jun 12 13:12:52 +0000 2018,#TRON $TRX #TRX will be listed on @TradeSatoshi  it will support TRX deposit  withdraw and trading since Jun  26  2… https://t.co/ft9LP4yJMt,149
Tue Jun 12 13:10:57 +0000 2018,#TRON $TRX #TRX will be listed on @TradeSatoshi  it will support TRX deposit  withdraw and trading since Jun  26  2… https://t.co/ft9LP4yJMt,149
Tue Jun 12 12:55:12 +0000 2018,#TRON $TRX #TRX will be listed on @TradeSatoshi  it will support TRX deposit  withdraw and trading since Jun  26  2… https://t.co/ft9LP4yJMt,149
Tue Jun 12 12:48:19 +0000 2018,#TRON $TRX #TRX will be listed on @TradeSatoshi  it will support TRX deposit  withdraw and trading since Jun  26  2… https://t.co/ft9LP4yJMt,149
Tue Jun 12 12:45:44 +0000 2018,#TRON $TRX #TRX will be listed on @TradeSatoshi  it will support TRX deposit  withdraw and trading since Jun  26  2… https://t.co/ft9LP4yJMt,149
Tue Jun 12 12:40:52 +0000 2018,#TRON $TRX #TRX will be listed on @TradeSatoshi  it will support TRX deposit  withdraw and trading since Jun  26  2… https://t.co/ft9LP4yJMt,149
Tue Jun 12 12:40:28 +0000 2018,#TRON $TRX #TRX will be listed on @TradeSatoshi  it will support TRX deposit  withdraw and trading since Jun  26  2… https://t.co/ft9LP4yJMt,149
Tue Jun 12 12:39:29 +0000 2018,#TRON $TRX #TRX will be listed on @TradeSatoshi  it will support TRX deposit  withdraw and trading since Jun  26  2… https://t.co/ft9LP4yJMt,149
Tue Jun 12 12:35:00 +0000 2018,#TRON $TRX #TRX will be listed on @TradeSatoshi  it will support TRX deposit  withdraw and trading since Jun  26  2… https://t.co/ft9LP4yJMt,149
Tue Jun 12 12:23:51 +0000 2018,#TRON $TRX #TRX will be listed on @TradeSatoshi  it will support TRX deposit  withdraw and trading since Jun  26  2… https://t.co/ft9LP4yJMt,149
Tue Jun 12 12:22:45 +0000 2018,#TRON $TRX #TRX will be listed on @TradeSatoshi  it will support TRX deposit  withdraw and trading since Jun  26  2… https://t.co/ft9LP4yJMt,149
Tue Jun 12 12:21:24 +0000 2018,#TRON $TRX #TRX will be listed on @TradeSatoshi  it will support TRX deposit  withdraw and trading since Jun  26  2… https://t.co/ft9LP4yJMt,149
Tue Jun 12 12:19:36 +0000 2018,#TRON $TRX #TRX will be listed on @TradeSatoshi  it will support TRX deposit  withdraw and trading since Jun  26  2… https://t.co/ft9LP4yJMt,149
Tue Jun 12 12:07:57 +0000 2018,#TRON $TRX #TRX will be listed on @TradeSatoshi  it will support TRX deposit  withdraw and trading since Jun  26  2… https://t.co/ft9LP4yJMt,149
Tue Jun 12 12:02:52 +0000 2018,#TRON $TRX #TRX will be listed on @TradeSatoshi  it will support TRX deposit  withdraw and trading since Jun  26  2… https://t.co/ft9LP4yJMt,149
Tue Jun 12 12:01:36 +0000 2018,#TRON $TRX #TRX will be listed on @TradeSatoshi  it will support TRX deposit  withdraw and trading since Jun  26  2… https://t.co/ft9LP4yJMt,149
Tue Jun 12 11:56:15 +0000 2018,#TRON $TRX #TRX will be listed on @TradeSatoshi  it will support TRX deposit  withdraw and trading since Jun  26  2… https://t.co/ft9LP4yJMt,149
Tue Jun 12 11:55:52 +0000 2018,#TRON $TRX #TRX will be listed on @TradeSatoshi  it will support TRX deposit  withdraw and trading since Jun  26  2… https://t.co/ft9LP4yJMt,149
Tue Jun 12 11:51:52 +0000 2018,#TRON $TRX #TRX will be listed on @TradeSatoshi  it will support TRX deposit  withdraw and trading since Jun  26  2… https://t.co/ft9LP4yJMt,149
Tue Jun 12 11:50:30 +0000 2018,#TRON $TRX #TRX will be listed on @TradeSatoshi  it will support TRX deposit  withdraw and trading since Jun  26  2… https://t.co/ft9LP4yJMt,149
Tue Jun 12 11:49:10 +0000 2018,#TRON $TRX #TRX will be listed on @TradeSatoshi  it will support TRX deposit  withdraw and trading since Jun  26  2… https://t.co/ft9LP4yJMt,149
Tue Jun 12 11:49:00 +0000 2018,#TRON $TRX #TRX will be listed on @TradeSatoshi  it will support TRX deposit  withdraw and trading since Jun  26  2… https://t.co/ft9LP4yJMt,149
Tue Jun 12 11:47:55 +0000 2018,#TRON $TRX #TRX will be listed on @TradeSatoshi  it will support TRX deposit  withdraw and trading since Jun  26  2… https://t.co/ft9LP4yJMt,149
Tue Jun 12 11:47:53 +0000 2018,#TRON $TRX #TRX will be listed on @TradeSatoshi  it will support TRX deposit  withdraw and trading since Jun  26  2… https://t.co/ft9LP4yJMt,149
Tue Jun 12 11:45:48 +0000 2018,#TRON $TRX #TRX will be listed on @TradeSatoshi  it will support TRX deposit  withdraw and trading since Jun  26  2… https://t.co/ft9LP4yJMt,149
Tue Jun 12 11:45:25 +0000 2018,#TRON $TRX #TRX will be listed on @TradeSatoshi  it will support TRX deposit  withdraw and trading since Jun  26  2… https://t.co/ft9LP4yJMt,149
Tue Jun 12 11:44:53 +0000 2018,#TRON $TRX #TRX will be listed on @TradeSatoshi  it will support TRX deposit  withdraw and trading since Jun  26  2… https://t.co/ft9LP4yJMt,149
Tue Jun 12 11:44:41 +0000 2018,#TRON $TRX #TRX will be listed on @TradeSatoshi  it will support TRX deposit  withdraw and trading since Jun  26  2… https://t.co/ft9LP4yJMt,149
Tue Jun 12 11:44:19 +0000 2018,#TRON $TRX #TRX will be listed on @TradeSatoshi  it will support TRX deposit  withdraw and trading since Jun  26  2… https://t.co/ft9LP4yJMt,149
Tue Jun 12 11:44:13 +0000 2018,#TRON $TRX #TRX will be listed on @TradeSatoshi  it will support TRX deposit  withdraw and trading since Jun  26  2… https://t.co/ft9LP4yJMt,149
