Sun Feb 25 23:04:06 +0000 2018,This is beyond true. Banks are dinosaurs ü¶ñ @jro514B @wizzurd #bitcoin #ethereum #blockchain #ico #btc #eth $btc‚Ä¶ https://t.co/7op9NNc4T0,3
Sun Feb 25 22:13:24 +0000 2018,The three Graces. Stellar sea lions from my morning on the water in Sitka. Love Alaska! #photography #Alaska https://t.co/ZcSQAqRa1M,0
Sun Feb 25 21:31:23 +0000 2018,‚Äúseek legal advice from an attorney promptly‚Äù https://t.co/Wf4Cq9vLrP #bitcoin #ethereum #blockchain #ico #btc #eth‚Ä¶ https://t.co/WqikUKtGgu,1
Sun Feb 25 21:21:19 +0000 2018,This is beyond true. Banks are dinosaurs ü¶ñ @jro514B @wizzurd #bitcoin #ethereum #blockchain #ico #btc #eth $btc‚Ä¶ https://t.co/7op9NNc4T0,3
Sun Feb 25 21:20:16 +0000 2018,This is beyond true. Banks are dinosaurs ü¶ñ @jro514B @wizzurd #bitcoin #ethereum #blockchain #ico #btc #eth $btc‚Ä¶ https://t.co/7op9NNc4T0,3
Sun Feb 25 21:19:00 +0000 2018,This is beyond true. Banks are dinosaurs ü¶ñ @jro514B @wizzurd #bitcoin #ethereum #blockchain #ico #btc #eth $btc‚Ä¶ https://t.co/7op9NNc4T0,3
Sun Feb 25 20:37:50 +0000 2018,‚Äúseek legal advice from an attorney promptly‚Äù https://t.co/Wf4Cq9vLrP #bitcoin #ethereum #blockchain #ico #btc #eth‚Ä¶ https://t.co/WqikUKtGgu,1
Sun Feb 25 19:36:16 +0000 2018,Never  ever  let @LSUbaseball get momentum at The Box. Antoine Duplantis ropes an RBI single down the RF line to ma‚Ä¶ https://t.co/FoWqKo5I1L,18
Sun Feb 25 19:21:09 +0000 2018,Putin: ‚ÄúVery careful regulation‚Äù on Blockchain https://t.co/Y228FYUBXF #bitcoin #ethereum #blockchain #ico #btc‚Ä¶ https://t.co/3ZHQrZHEOP,0
Sun Feb 25 16:11:56 +0000 2018,Second year in a row where Robert Alford posted some silly coverage numbers. 28 targets and 9 completions in press‚Ä¶ https://t.co/1MwpPabIu8,7
Sun Feb 25 16:04:47 +0000 2018,@angira_dhar Absolutely her stellar performance in movie like #Chandini #Khudgawah #Chaalbaaz #EnglishVinglish last‚Ä¶ https://t.co/cmHAofWKc0,0
Sun Feb 25 15:10:47 +0000 2018,Second year in a row where Robert Alford posted some silly coverage numbers. 28 targets and 9 completions in press‚Ä¶ https://t.co/1MwpPabIu8,7
Sun Feb 25 14:00:03 +0000 2018,See our full review of this stellar murder mystery on https://t.co/9yQpLOChz9. Buy your copy on Amazon- Murder in t‚Ä¶ https://t.co/YLTMqIuu98,0
Sun Feb 25 13:40:12 +0000 2018,#blockchain #crypto  How Stellar Lumens Climbed to the Top Ten Cryptocurrencies https://t.co/BDwxTuzkJc‚Ä¶ https://t.co/BKrSnDt8h9,2
Sun Feb 25 12:55:32 +0000 2018,We are the station for your praise and worship service on the radio . Check out the stellar‚Ä¶ https://t.co/njYXh1fUHP,0
Sun Feb 25 10:09:45 +0000 2018,#blockchain #crypto  How Stellar Lumens Climbed to the Top Ten Cryptocurrencies https://t.co/BDwxTuzkJc‚Ä¶ https://t.co/BKrSnDt8h9,2
Sun Feb 25 09:47:05 +0000 2018,#blockchain #crypto  How Stellar Lumens Climbed to the Top Ten Cryptocurrencies https://t.co/BDwxTuzkJc‚Ä¶ https://t.co/BKrSnDt8h9,2
Sun Feb 25 08:38:24 +0000 2018,Never  ever  let @LSUbaseball get momentum at The Box. Antoine Duplantis ropes an RBI single down the RF line to ma‚Ä¶ https://t.co/FoWqKo5I1L,18
Sun Feb 25 07:54:03 +0000 2018,Second year in a row where Robert Alford posted some silly coverage numbers. 28 targets and 9 completions in press‚Ä¶ https://t.co/1MwpPabIu8,7
Sun Feb 25 06:59:13 +0000 2018,Second year in a row where Robert Alford posted some silly coverage numbers. 28 targets and 9 completions in press‚Ä¶ https://t.co/1MwpPabIu8,7
Sun Feb 25 05:30:49 +0000 2018,Second year in a row where Robert Alford posted some silly coverage numbers. 28 targets and 9 completions in press‚Ä¶ https://t.co/1MwpPabIu8,7
Sun Feb 25 05:28:22 +0000 2018,Second year in a row where Robert Alford posted some silly coverage numbers. 28 targets and 9 completions in press‚Ä¶ https://t.co/1MwpPabIu8,7
Sun Feb 25 05:08:46 +0000 2018,Second year in a row where Robert Alford posted some silly coverage numbers. 28 targets and 9 completions in press‚Ä¶ https://t.co/1MwpPabIu8,7
Sun Feb 25 05:06:24 +0000 2018,Second year in a row where Robert Alford posted some silly coverage numbers. 28 targets and 9 completions in press‚Ä¶ https://t.co/1MwpPabIu8,7
Sun Feb 25 04:31:45 +0000 2018,Never  ever  let @LSUbaseball get momentum at The Box. Antoine Duplantis ropes an RBI single down the RF line to ma‚Ä¶ https://t.co/FoWqKo5I1L,18
Sun Feb 25 03:56:05 +0000 2018,I‚Äôm going to miss @NBCOlympics tweets and Instagram posts after the Olympics. Whoever is behind it has done a stellar job!  #Olympics,0
Sun Feb 25 03:46:20 +0000 2018,Never  ever  let @LSUbaseball get momentum at The Box. Antoine Duplantis ropes an RBI single down the RF line to ma‚Ä¶ https://t.co/FoWqKo5I1L,18
Sun Feb 25 03:42:53 +0000 2018,Never  ever  let @LSUbaseball get momentum at The Box. Antoine Duplantis ropes an RBI single down the RF line to ma‚Ä¶ https://t.co/FoWqKo5I1L,18
Sun Feb 25 03:30:50 +0000 2018,Never  ever  let @LSUbaseball get momentum at The Box. Antoine Duplantis ropes an RBI single down the RF line to ma‚Ä¶ https://t.co/FoWqKo5I1L,18
Sun Feb 25 03:26:11 +0000 2018,Never  ever  let @LSUbaseball get momentum at The Box. Antoine Duplantis ropes an RBI single down the RF line to ma‚Ä¶ https://t.co/FoWqKo5I1L,18
Sun Feb 25 03:00:01 +0000 2018,Never  ever  let @LSUbaseball get momentum at The Box. Antoine Duplantis ropes an RBI single down the RF line to ma‚Ä¶ https://t.co/FoWqKo5I1L,18
Sun Feb 25 02:56:49 +0000 2018,Never  ever  let @LSUbaseball get momentum at The Box. Antoine Duplantis ropes an RBI single down the RF line to ma‚Ä¶ https://t.co/FoWqKo5I1L,18
Sun Feb 25 02:41:01 +0000 2018,Never  ever  let @LSUbaseball get momentum at The Box. Antoine Duplantis ropes an RBI single down the RF line to ma‚Ä¶ https://t.co/FoWqKo5I1L,18
Sun Feb 25 02:34:29 +0000 2018,Never  ever  let @LSUbaseball get momentum at The Box. Antoine Duplantis ropes an RBI single down the RF line to ma‚Ä¶ https://t.co/FoWqKo5I1L,18
Sun Feb 25 02:32:28 +0000 2018,Never  ever  let @LSUbaseball get momentum at The Box. Antoine Duplantis ropes an RBI single down the RF line to ma‚Ä¶ https://t.co/FoWqKo5I1L,18
Sun Feb 25 02:28:48 +0000 2018,Never  ever  let @LSUbaseball get momentum at The Box. Antoine Duplantis ropes an RBI single down the RF line to ma‚Ä¶ https://t.co/FoWqKo5I1L,18
Sun Feb 25 02:27:26 +0000 2018,Never  ever  let @LSUbaseball get momentum at The Box. Antoine Duplantis ropes an RBI single down the RF line to ma‚Ä¶ https://t.co/FoWqKo5I1L,18
Sun Feb 25 02:25:47 +0000 2018,Never  ever  let @LSUbaseball get momentum at The Box. Antoine Duplantis ropes an RBI single down the RF line to ma‚Ä¶ https://t.co/FoWqKo5I1L,18
Sun Feb 25 02:24:26 +0000 2018,Never  ever  let @LSUbaseball get momentum at The Box. Antoine Duplantis ropes an RBI single down the RF line to ma‚Ä¶ https://t.co/FoWqKo5I1L,18
Sun Feb 25 02:24:20 +0000 2018,Never  ever  let @LSUbaseball get momentum at The Box. Antoine Duplantis ropes an RBI single down the RF line to ma‚Ä¶ https://t.co/FoWqKo5I1L,18
